datetimeisoformat,Ch1-S,Ch2-D,PC3,PE4
2022-06-01T00:00:44.278396+00:00,0.16,0.32,0.07,0.19
2022-06-01T00:01:44.747384+00:00,0.17,0.22,0.06,0.18
2022-06-01T00:02:43.654924+00:00,0.18,0.24,0.07,0.19
2022-06-01T00:03:45.063652+00:00,0.19,0.28,0.05,0.18
2022-06-01T00:04:44.224810+00:00,0.18,0.24,0.05,0.19
2022-06-01T00:05:44.799055+00:00,0.19,0.26,0.04,0.18
2022-06-01T00:06:43.654552+00:00,0.16,0.3,0.04,0.17
2022-06-01T00:07:44.309448+00:00,0.17,0.21,0.06,0.19
2022-06-01T00:08:44.913833+00:00,0.17,0.28,0.03,0.18
2022-06-01T00:09:43.828447+00:00,0.2,0.25,0.05,0.18
2022-06-01T00:10:44.406718+00:00,0.17,0.28,0.04,0.19
2022-06-01T00:11:45.017513+00:00,0.17,0.24,0.05,0.18
2022-06-01T00:12:44.021197+00:00,0.16,0.24,0.05,0.18
2022-06-01T00:13:44.515308+00:00,0.17,0.24,0.03,0.18
2022-06-01T00:14:45.037732+00:00,0.17,0.25,0.05,0.18
2022-06-01T00:15:44.102593+00:00,0.17,0.25,0.01,0.19
2022-06-01T00:16:44.612269+00:00,0.17,0.22,0.03,0.19
2022-06-01T00:17:45.070720+00:00,0.17,0.25,0.05,0.18
2022-06-01T00:18:44.025967+00:00,0.16,0.25,0.06,0.19
2022-06-01T00:19:44.654724+00:00,0.16,0.27,0.08,0.18
2022-06-01T00:20:43.616239+00:00,0.16,0.23,0.04,0.18
2022-06-01T00:21:44.085590+00:00,0.17,0.26,0.05,0.18
2022-06-01T00:22:45.063215+00:00,0.18,0.24,0.04,0.19
2022-06-01T00:23:43.968335+00:00,0.18,0.24,0.03,0.18
2022-06-01T00:24:44.551384+00:00,0.16,0.21,0.05,0.18
2022-06-01T00:25:43.863077+00:00,0.17,0.24,0.03,0.19
2022-06-01T00:26:44.399756+00:00,0.19,0.23,0.04,0.18
2022-06-01T00:27:44.950767+00:00,0.17,0.28,0.02,0.19
2022-06-01T00:28:43.882879+00:00,0.18,0.24,0.05,0.18
2022-06-01T00:29:44.438941+00:00,0.18,0.3,0.04,0.18
2022-06-01T00:30:44.986889+00:00,0.17,0.25,0.05,0.18
2022-06-01T00:31:43.837810+00:00,0.17,0.23,0.06,0.19
2022-06-01T00:32:44.450258+00:00,0.16,0.23,0.05,0.19
2022-06-01T00:33:44.933258+00:00,0.16,0.25,0.06,0.19
2022-06-01T00:34:44.018990+00:00,0.18,0.24,0.05,0.19
2022-06-01T00:35:44.817033+00:00,0.17,0.23,0.04,0.18
2022-06-01T00:36:43.717562+00:00,0.16,0.24,0.03,0.17
2022-06-01T00:37:44.250441+00:00,0.17,0.24,0.04,0.18
2022-06-01T00:38:44.805126+00:00,0.15,0.23,0.05,0.18
2022-06-01T00:39:43.824777+00:00,0.17,0.2,0.08,0.18
2022-06-01T00:40:44.331598+00:00,0.17,0.21,0.05,0.19
2022-06-01T00:41:44.950866+00:00,0.17,0.23,0.05,0.18
2022-06-01T00:42:43.987002+00:00,0.2,0.26,0.06,0.19
2022-06-01T00:43:44.542930+00:00,0.16,0.24,0.06,0.18
2022-06-01T00:44:45.055036+00:00,0.16,0.23,0.06,0.19
2022-06-01T00:45:44.006272+00:00,0.16,0.22,0.07,0.18
2022-06-01T00:46:44.602733+00:00,0.19,0.22,0.05,0.18
2022-06-01T00:47:45.133014+00:00,0.17,0.29,0.06,0.19
2022-06-01T00:48:44.116185+00:00,0.17,0.28,0.04,0.19
2022-06-01T00:49:44.657806+00:00,0.18,0.23,0.04,0.19
2022-06-01T00:50:43.617523+00:00,0.18,0.24,0.03,0.19
2022-06-01T00:51:44.104135+00:00,0.18,0.23,0.04,0.19
2022-06-01T00:52:44.670081+00:00,0.18,0.23,0.05,0.19
2022-06-01T00:53:43.652437+00:00,0.17,0.24,0.06,0.18
2022-06-01T00:54:44.320171+00:00,0.2,0.23,0.04,0.18
2022-06-01T00:55:44.832818+00:00,0.19,0.27,0.04,0.19
2022-06-01T00:56:43.727087+00:00,0.18,0.24,0.07,0.18
2022-06-01T00:57:44.206904+00:00,0.18,0.23,0.09,0.19
2022-06-01T00:58:44.784647+00:00,0.21,0.23,0.04,0.19
2022-06-01T00:59:43.849146+00:00,0.21,0.36,0.05,0.19
2022-06-01T01:00:44.344544+00:00,0.2,0.34,0.05,0.19
2022-06-01T01:01:45.163217+00:00,0.16,0.25,0.06,0.19
2022-06-01T01:02:44.066654+00:00,0.19,0.25,0.06,0.2
2022-06-01T01:03:44.528660+00:00,0.18,0.23,0.06,0.19
2022-06-01T01:04:45.057457+00:00,0.18,0.24,0.05,0.18
2022-06-01T01:05:44.251391+00:00,0.17,0.25,0.06,0.18
2022-06-01T01:06:44.936841+00:00,0.18,0.23,0.03,0.19
2022-06-01T01:07:43.879550+00:00,0.18,0.25,0.03,0.19
2022-06-01T01:08:44.472112+00:00,0.18,0.33,0.09,0.19
2022-06-01T01:09:44.984787+00:00,0.19,0.25,0.04,0.19
2022-06-01T01:10:43.936254+00:00,0.17,0.27,0.05,0.19
2022-06-01T01:11:44.399831+00:00,0.18,0.24,0.04,0.18
2022-06-01T01:12:45.030684+00:00,0.17,0.27,0.02,0.2
2022-06-01T01:13:43.841028+00:00,0.2,0.23,0.08,0.19
2022-06-01T01:14:44.458425+00:00,0.18,0.24,0.06,0.19
2022-06-01T01:15:45.085343+00:00,0.18,0.24,0.05,0.19
2022-06-01T01:16:44.054866+00:00,0.19,0.25,0.07,0.18
2022-06-01T01:17:44.578938+00:00,0.17,0.23,0.05,0.2
2022-06-01T01:18:45.138730+00:00,0.15,0.25,0.04,0.18
2022-06-01T01:19:44.057430+00:00,0.17,0.23,0.06,0.19
2022-06-01T01:20:44.664755+00:00,0.19,0.24,0.08,0.18
2022-06-01T01:21:43.628982+00:00,0.2,0.28,0.04,0.19
2022-06-01T01:22:44.142221+00:00,0.18,0.22,0.06,0.18
2022-06-01T01:23:44.639613+00:00,0.17,0.27,0.06,0.19
2022-06-01T01:24:43.657786+00:00,0.17,0.25,0.05,0.18
2022-06-01T01:25:44.319306+00:00,0.16,0.25,0.07,0.18
2022-06-01T01:26:44.839854+00:00,0.19,0.25,0.07,0.19
2022-06-01T01:27:43.936987+00:00,0.18,0.25,0.03,0.18
2022-06-01T01:28:44.580516+00:00,0.17,0.28,0.08,0.18
2022-06-01T01:29:45.112889+00:00,0.16,0.25,0.03,0.18
2022-06-01T01:30:44.034376+00:00,0.16,0.25,0.04,0.18
2022-06-01T01:31:44.585835+00:00,0.16,0.31,0.06,0.18
2022-06-01T01:32:45.190683+00:00,0.16,0.23,0.03,0.18
2022-06-01T01:33:44.129734+00:00,0.15,0.23,0.03,0.19
2022-06-01T01:34:44.579087+00:00,0.17,0.25,0.06,0.19
2022-06-01T01:35:45.143074+00:00,0.16,0.28,0.07,0.18
2022-06-01T01:36:43.991056+00:00,0.17,0.23,0.05,0.19
2022-06-01T01:37:44.534171+00:00,0.19,0.25,0.06,0.18
2022-06-01T01:38:43.617237+00:00,0.18,0.23,0.06,0.18
2022-06-01T01:39:44.272295+00:00,0.18,0.25,0.03,0.18
2022-06-01T01:40:44.794349+00:00,0.19,0.28,0.06,0.19
2022-06-01T01:41:43.638143+00:00,0.18,0.31,0.06,0.19
2022-06-01T01:42:44.108425+00:00,0.16,0.38,0.05,0.19
2022-06-01T01:43:44.693546+00:00,0.19,0.24,0.04,0.18
2022-06-01T01:44:45.174800+00:00,0.18,0.24,0.07,0.18
2022-06-01T01:45:43.729381+00:00,0.18,0.23,0.04,0.19
2022-06-01T01:46:44.174305+00:00,0.18,0.23,0.04,0.18
2022-06-01T01:47:44.735730+00:00,0.16,0.3,0.05,0.18
2022-06-01T01:48:43.737128+00:00,0.18,0.26,0.05,0.18
2022-06-01T01:49:44.391784+00:00,0.17,0.26,0.05,0.18
2022-06-01T01:50:44.968171+00:00,0.18,0.25,0.08,0.19
2022-06-01T01:51:43.925657+00:00,0.15,0.25,0.02,0.18
2022-06-01T01:52:44.556370+00:00,0.18,0.24,0.05,0.19
2022-06-01T01:53:45.072601+00:00,0.17,0.25,0.03,0.18
2022-06-01T01:54:44.083755+00:00,0.19,0.28,0.05,0.19
2022-06-01T01:55:44.604949+00:00,0.17,0.25,0.04,0.18
2022-06-01T01:56:45.110372+00:00,0.18,0.23,0.07,0.18
2022-06-01T01:57:43.985995+00:00,0.16,0.24,0.04,0.19
2022-06-01T01:58:44.491784+00:00,0.19,0.27,0.03,0.18
2022-06-01T01:59:44.882282+00:00,0.18,0.22,0.08,0.18
2022-06-01T02:00:43.749737+00:00,0.18,0.22,0.08,0.19
2022-06-01T02:01:44.310657+00:00,0.18,0.24,0.09,0.19
2022-06-01T02:02:44.802914+00:00,0.19,0.25,0.08,0.19
2022-06-01T02:03:43.649885+00:00,0.19,0.22,0.03,0.19
2022-06-01T02:04:44.253234+00:00,0.16,0.24,0.04,0.18
2022-06-01T02:05:44.798297+00:00,0.18,0.28,0.03,0.18
2022-06-01T02:06:43.817955+00:00,0.2,0.24,0.06,0.19
2022-06-01T02:07:44.324454+00:00,0.15,0.3,0.07,0.18
2022-06-01T02:08:45.002366+00:00,0.18,0.24,0.06,0.19
2022-06-01T02:09:44.059883+00:00,0.16,0.23,0.05,0.18
2022-06-01T02:10:44.711467+00:00,0.18,0.26,0.06,0.18
2022-06-01T02:11:45.166818+00:00,0.17,0.24,0.06,0.18
2022-06-01T02:12:44.103247+00:00,0.18,0.23,0.06,0.19
2022-06-01T02:13:44.609421+00:00,0.18,0.24,0.05,0.19
2022-06-01T02:14:45.084100+00:00,0.16,0.23,0.03,0.18
2022-06-01T02:15:44.008983+00:00,0.18,0.23,0.05,0.18
2022-06-01T02:16:44.480101+00:00,0.18,0.33,0.06,0.18
2022-06-01T02:17:45.001578+00:00,0.17,0.24,0.07,0.19
2022-06-01T02:18:43.835866+00:00,0.2,0.3,0.07,0.19
2022-06-01T02:19:44.325685+00:00,0.18,0.27,0.05,0.19
2022-06-01T02:20:44.876722+00:00,0.17,0.24,0.07,0.19
2022-06-01T02:21:43.792149+00:00,0.17,0.29,0.07,0.18
2022-06-01T02:22:44.264315+00:00,0.2,0.22,0.05,0.19
2022-06-01T02:23:44.765204+00:00,0.16,0.26,0.07,0.19
2022-06-01T02:24:43.703981+00:00,0.18,0.24,0.06,0.19
2022-06-01T02:25:44.243314+00:00,0.16,0.26,0.02,0.2
2022-06-01T02:26:44.869299+00:00,0.18,0.38,0.04,0.19
2022-06-01T02:27:43.790294+00:00,0.18,0.25,0.07,0.19
2022-06-01T02:28:44.311605+00:00,0.2,0.23,0.08,0.19
2022-06-01T02:29:44.790915+00:00,0.2,0.25,0.03,0.19
2022-06-01T02:30:43.867695+00:00,0.17,0.26,0.04,0.18
2022-06-01T02:31:44.484287+00:00,0.24,0.28,0.06,0.19
2022-06-01T02:32:44.977614+00:00,0.18,0.23,0.09,0.18
2022-06-01T02:33:44.023256+00:00,0.19,0.23,0.05,0.19
2022-06-01T02:34:44.641573+00:00,0.17,0.22,0.07,0.19
2022-06-01T02:35:43.626295+00:00,0.17,0.25,0.04,0.18
2022-06-01T02:36:44.164762+00:00,0.17,0.27,0.06,0.19
2022-06-01T02:37:44.827495+00:00,0.17,0.25,0.06,0.18
2022-06-01T02:38:43.781453+00:00,0.16,0.25,0.07,0.18
2022-06-01T02:39:44.225725+00:00,0.18,0.22,0.03,0.19
2022-06-01T02:40:44.719835+00:00,0.19,0.2,0.03,0.18
2022-06-01T02:41:43.645386+00:00,0.15,0.26,0.04,0.18
2022-06-01T02:42:44.102039+00:00,0.17,0.25,0.03,0.19
2022-06-01T02:43:44.649725+00:00,0.17,0.23,0.07,0.19
2022-06-01T02:44:43.632825+00:00,0.16,0.25,0.03,0.19
2022-06-01T02:45:44.212433+00:00,0.14,0.22,0.03,0.19
2022-06-01T02:46:44.751724+00:00,0.17,0.25,0.03,0.19
2022-06-01T02:47:43.708562+00:00,0.17,0.28,0.07,0.19
2022-06-01T02:48:44.236540+00:00,0.15,0.23,0.04,0.18
2022-06-01T02:49:45.010676+00:00,0.17,0.25,0.03,0.19
2022-06-01T02:50:43.992466+00:00,0.17,0.22,0.02,0.19
2022-06-01T02:51:44.613320+00:00,0.28,0.25,0.05,0.2
2022-06-01T02:52:45.214822+00:00,0.16,0.24,0.04,0.18
2022-06-01T02:53:44.123567+00:00,0.16,0.23,0.03,0.19
2022-06-01T02:54:44.745025+00:00,0.17,0.24,0.05,0.19
2022-06-01T02:55:43.685755+00:00,0.16,0.26,0.05,0.19
2022-06-01T02:56:44.189664+00:00,0.16,0.22,0.06,0.19
2022-06-01T02:57:44.703613+00:00,0.16,0.22,0.03,0.19
2022-06-01T02:58:43.684458+00:00,0.22,0.24,0.05,0.19
2022-06-01T02:59:44.276590+00:00,0.17,0.25,0.05,0.2
2022-06-01T03:00:44.744547+00:00,0.17,0.25,0.04,0.19
2022-06-01T03:01:43.705938+00:00,0.17,0.26,0.06,0.19
2022-06-01T03:02:44.213059+00:00,0.17,0.28,0.04,0.19
2022-06-01T03:03:44.779957+00:00,0.19,0.24,0.03,0.18
2022-06-01T03:04:43.733626+00:00,0.18,0.21,0.06,0.18
2022-06-01T03:05:44.260471+00:00,0.17,0.25,0.08,0.19
2022-06-01T03:06:44.775224+00:00,0.17,0.27,0.03,0.18
2022-06-01T03:07:43.840264+00:00,0.18,0.29,0.06,0.19
2022-06-01T03:08:44.370824+00:00,0.17,0.23,0.05,0.19
2022-06-01T03:09:44.894790+00:00,0.18,0.24,0.04,0.19
2022-06-01T03:10:43.855052+00:00,0.16,0.25,0.03,0.19
2022-06-01T03:11:44.526752+00:00,0.16,0.22,0.04,0.19
2022-06-01T03:12:45.122452+00:00,0.19,0.22,0.06,0.19
2022-06-01T03:13:44.037472+00:00,0.17,0.22,0.06,0.19
2022-06-01T03:14:44.570613+00:00,0.19,0.24,0.05,0.19
2022-06-01T03:15:45.082910+00:00,0.19,0.24,0.03,0.18
2022-06-01T03:16:44.021279+00:00,0.18,0.24,0.06,0.19
2022-06-01T03:17:44.816863+00:00,0.17,0.22,0.07,0.19
2022-06-01T03:18:43.973353+00:00,0.18,0.26,0.04,0.18
2022-06-01T03:19:44.457959+00:00,0.18,0.24,0.04,0.18
2022-06-01T03:20:45.011919+00:00,0.17,0.23,0.05,0.18
2022-06-01T03:21:43.930407+00:00,0.17,0.22,0.03,0.18
2022-06-01T03:22:44.654805+00:00,0.17,0.24,0.07,0.18
2022-06-01T03:23:43.842111+00:00,0.19,0.23,0.04,0.18
2022-06-01T03:24:44.354453+00:00,0.18,0.23,0.06,0.19
2022-06-01T03:25:44.967455+00:00,0.17,0.25,0.05,0.19
2022-06-01T03:26:43.920930+00:00,0.18,0.26,0.06,0.19
2022-06-01T03:27:44.526376+00:00,0.18,0.24,0.07,0.19
2022-06-01T03:28:45.037049+00:00,0.2,0.25,0.06,0.19
2022-06-01T03:29:44.058387+00:00,0.18,0.26,0.02,0.19
2022-06-01T03:30:44.548118+00:00,0.19,0.24,0.05,0.19
2022-06-01T03:31:43.669250+00:00,0.16,0.25,0.05,0.19
2022-06-01T03:32:44.193505+00:00,0.19,0.26,0.07,0.19
2022-06-01T03:33:44.733645+00:00,0.18,0.26,0.04,0.2
2022-06-01T03:34:43.720925+00:00,0.16,0.24,0.06,0.19
2022-06-01T03:35:44.313247+00:00,0.19,0.27,0.05,0.18
2022-06-01T03:36:43.688638+00:00,0.15,0.23,0.07,0.19
2022-06-01T03:37:44.257695+00:00,0.16,0.27,0.04,0.18
2022-06-01T03:38:44.792126+00:00,0.19,0.25,0.04,0.19
2022-06-01T03:39:43.775574+00:00,0.17,0.24,0.06,0.18
2022-06-01T03:40:44.471757+00:00,0.16,0.23,0.07,0.19
2022-06-01T03:41:45.119028+00:00,0.17,0.24,0.06,0.19
2022-06-01T03:42:44.184680+00:00,0.17,0.22,0.05,0.18
2022-06-01T03:43:44.677131+00:00,0.16,0.29,0.05,0.19
2022-06-01T03:44:43.883424+00:00,0.17,0.23,0.06,0.19
2022-06-01T03:45:44.589088+00:00,0.16,0.25,0.06,0.19
2022-06-01T03:46:45.213895+00:00,0.17,0.24,0.04,0.18
2022-06-01T03:47:44.230866+00:00,0.18,0.26,0.02,0.19
2022-06-01T03:48:44.997940+00:00,0.17,0.26,0.03,0.18
2022-06-01T03:49:43.928344+00:00,0.18,0.24,0.06,0.19
2022-06-01T03:50:44.611317+00:00,0.17,0.25,0.02,0.19
2022-06-01T03:51:45.158872+00:00,0.18,0.23,0.09,0.19
2022-06-01T03:52:44.103838+00:00,0.19,0.22,0.07,0.19
2022-06-01T03:53:44.752061+00:00,0.17,0.22,0.08,0.19
2022-06-01T03:54:43.979576+00:00,0.17,0.25,0.07,0.19
2022-06-01T03:55:44.563656+00:00,0.29,0.23,0.07,0.19
2022-06-01T03:56:43.708898+00:00,0.18,0.26,0.06,0.19
2022-06-01T03:57:44.794476+00:00,0.15,0.24,0.09,0.19
2022-06-01T03:58:43.625893+00:00,0.18,0.29,0.08,0.19
2022-06-01T03:59:44.255208+00:00,0.18,0.28,0.08,0.19
2022-06-01T04:00:44.864177+00:00,0.21,0.24,0.04,0.19
2022-06-01T04:01:43.979035+00:00,0.17,0.24,0.04,0.19
2022-06-01T04:02:44.638091+00:00,0.17,0.25,0.04,0.19
2022-06-01T04:03:43.673161+00:00,0.15,0.23,0.05,0.19
2022-06-01T04:04:44.139738+00:00,0.17,0.27,0.05,0.19
2022-06-01T04:05:44.622560+00:00,0.18,0.25,0.03,0.19
2022-06-01T04:06:43.622393+00:00,0.16,0.24,0.06,0.19
2022-06-01T04:07:44.178802+00:00,0.16,0.24,0.06,0.19
2022-06-01T04:08:44.643417+00:00,0.16,0.27,0.08,0.2
2022-06-01T04:09:43.638456+00:00,0.15,0.25,0.03,0.2
2022-06-01T04:10:44.527584+00:00,0.17,0.24,0.03,0.19
2022-06-01T04:11:45.060475+00:00,0.18,0.24,0.05,0.19
2022-06-01T04:12:43.949045+00:00,0.16,0.22,0.06,0.19
2022-06-01T04:13:44.517050+00:00,0.15,0.25,0.04,0.19
2022-06-01T04:14:45.157688+00:00,0.17,0.24,0.07,0.19
2022-06-01T04:15:44.144967+00:00,0.15,0.24,0.04,0.19
2022-06-01T04:16:44.777642+00:00,0.16,0.28,0.05,0.19
2022-06-01T04:17:43.812656+00:00,0.15,0.32,0.05,0.19
2022-06-01T04:18:44.377694+00:00,0.16,0.28,0.06,0.19
2022-06-01T04:19:45.066231+00:00,0.18,0.25,0.05,0.19
2022-06-01T04:20:43.975649+00:00,0.15,0.32,0.09,0.19
2022-06-01T04:21:44.828045+00:00,0.2,0.26,0.07,0.19
2022-06-01T04:22:43.748618+00:00,0.17,0.23,0.08,0.19
2022-06-01T04:23:44.508299+00:00,0.2,0.26,0.05,0.19
2022-06-01T04:24:45.182484+00:00,0.17,0.28,0.05,0.2
2022-06-01T04:25:44.056038+00:00,0.16,0.28,0.05,0.19
2022-06-01T04:26:44.680158+00:00,0.17,0.26,0.02,0.18
2022-06-01T04:27:45.216669+00:00,0.14,0.27,0.06,0.19
2022-06-01T04:28:44.109109+00:00,0.17,0.24,0.03,0.19
2022-06-01T04:29:44.629251+00:00,0.15,0.28,0.03,0.19
2022-06-01T04:30:45.085139+00:00,0.16,0.23,0.08,0.19
2022-06-01T04:31:44.024672+00:00,0.14,0.23,0.06,0.19
2022-06-01T04:32:44.608593+00:00,0.15,0.25,0.06,0.19
2022-06-01T04:33:45.203444+00:00,0.17,0.24,0.06,0.19
2022-06-01T04:34:44.104114+00:00,0.17,0.25,0.04,0.2
2022-06-01T04:35:44.729792+00:00,0.13,0.25,0.05,0.19
2022-06-01T04:36:43.713872+00:00,0.15,0.29,0.05,0.19
2022-06-01T04:37:44.196820+00:00,0.17,0.29,0.04,0.19
2022-06-01T04:38:44.770666+00:00,0.14,0.25,0.04,0.2
2022-06-01T04:39:43.771381+00:00,0.17,0.26,0.07,0.19
2022-06-01T04:40:44.281324+00:00,0.16,0.23,0.04,0.19
2022-06-01T04:41:44.805684+00:00,0.14,0.24,0.05,0.19
2022-06-01T04:42:44.734951+00:00,0.15,0.24,0.05,0.19
2022-06-01T04:43:43.962520+00:00,0.15,0.23,0.05,0.19
2022-06-01T04:44:44.587428+00:00,0.14,0.22,0.04,0.19
2022-06-01T04:45:45.191828+00:00,0.14,0.22,0.05,0.19
2022-06-01T04:46:44.140444+00:00,0.16,0.23,0.08,0.2
2022-06-01T04:47:44.637927+00:00,0.17,0.24,0.05,0.19
2022-06-01T04:48:43.795991+00:00,0.16,0.24,0.06,0.19
2022-06-01T04:49:44.348348+00:00,0.16,0.2,0.05,0.19
2022-06-01T04:50:45.038815+00:00,0.16,0.22,0.06,0.19
2022-06-01T04:51:43.969456+00:00,0.14,0.35,0.04,0.19
2022-06-01T04:52:44.594524+00:00,0.15,0.26,0.06,0.19
2022-06-01T04:53:45.200511+00:00,0.16,0.25,0.02,0.19
2022-06-01T04:54:44.208393+00:00,0.16,0.34,0.05,0.2
2022-06-01T04:55:44.808882+00:00,0.18,0.23,0.03,0.2
2022-06-01T04:56:43.766251+00:00,0.16,0.25,0.05,0.2
2022-06-01T04:57:44.517723+00:00,0.15,0.25,0.05,0.2
2022-06-01T04:58:45.206688+00:00,0.17,0.29,0.05,0.2
2022-06-01T04:59:44.344681+00:00,0.16,0.29,0.05,0.2
2022-06-01T05:00:44.976832+00:00,0.17,0.24,0.05,0.2
2022-06-01T05:01:43.971049+00:00,0.15,0.24,0.05,0.19
2022-06-01T05:02:44.555769+00:00,0.16,0.23,0.07,0.2
2022-06-01T05:03:45.149655+00:00,0.15,0.24,0.02,0.2
2022-06-01T05:04:44.154515+00:00,0.15,0.25,0.08,0.19
2022-06-01T05:05:44.730076+00:00,0.14,0.23,0.06,0.2
2022-06-01T05:06:43.816140+00:00,0.16,0.26,0.07,0.19
2022-06-01T05:07:44.182445+00:00,0.14,0.25,0.06,0.19
2022-06-01T05:08:44.683088+00:00,0.14,0.21,0.06,0.19
2022-06-01T05:09:45.154849+00:00,0.14,0.22,0.05,0.19
2022-06-01T05:10:44.127294+00:00,0.16,0.21,0.05,0.2
2022-06-01T05:11:44.757194+00:00,0.14,0.24,0.06,0.2
2022-06-01T05:12:43.765490+00:00,0.14,0.24,0.06,0.19
2022-06-01T05:13:44.256461+00:00,0.14,0.24,0.03,0.2
2022-06-01T05:14:45.042977+00:00,0.16,0.24,0.04,0.2
2022-06-01T05:15:44.027518+00:00,0.15,0.22,0.07,0.19
2022-06-01T05:16:44.745503+00:00,0.15,0.21,0.04,0.19
2022-06-01T05:17:43.833845+00:00,0.14,0.27,0.06,0.2
2022-06-01T05:18:43.952802+00:00,0.15,0.23,0.03,0.19
2022-06-01T05:19:44.568509+00:00,0.14,0.26,0.08,0.2
2022-06-01T05:20:45.085330+00:00,0.16,0.24,0.03,0.2
2022-06-01T05:21:44.035980+00:00,0.15,0.23,0.06,0.19
2022-06-01T05:22:44.561014+00:00,0.15,0.26,0.05,0.2
2022-06-01T05:23:45.165300+00:00,0.15,0.23,0.06,0.19
2022-06-01T05:24:44.186276+00:00,0.14,0.25,0.05,0.21
2022-06-01T05:25:44.798971+00:00,0.14,0.24,0.05,0.2
2022-06-01T05:26:43.750962+00:00,0.15,0.29,0.05,0.2
2022-06-01T05:27:44.278424+00:00,0.16,0.25,0.02,0.19
2022-06-01T05:28:44.798471+00:00,0.14,0.24,0.07,0.2
2022-06-01T05:29:43.775454+00:00,0.14,0.25,0.06,0.19
2022-06-01T05:30:44.289550+00:00,0.15,0.22,0.04,0.2
2022-06-01T05:31:44.905466+00:00,0.17,0.23,0.07,0.2
2022-06-01T05:32:43.833462+00:00,0.14,0.22,0.06,0.2
2022-06-01T05:33:44.414813+00:00,0.18,0.21,0.07,0.2
2022-06-01T05:34:44.842600+00:00,0.14,0.24,0.04,0.19
2022-06-01T05:35:43.750289+00:00,0.16,0.23,0.06,0.19
2022-06-01T05:36:44.309160+00:00,0.14,0.25,0.04,0.19
2022-06-01T05:37:44.954121+00:00,0.15,0.23,0.06,0.19
2022-06-01T05:38:43.862085+00:00,0.14,0.25,0.02,0.19
2022-06-01T05:39:44.412421+00:00,0.14,0.23,0.07,0.19
2022-06-01T05:40:45.003133+00:00,0.15,0.27,0.06,0.19
2022-06-01T05:41:44.041050+00:00,0.16,0.26,0.08,0.19
2022-06-01T05:42:44.598199+00:00,0.15,0.26,0.01,0.19
2022-06-01T05:43:45.084793+00:00,0.14,0.25,0.07,0.2
2022-06-01T05:44:43.980726+00:00,0.2,0.28,0.07,0.19
2022-06-01T05:45:44.471639+00:00,0.18,0.25,0.05,0.19
2022-06-01T05:46:45.029704+00:00,0.16,0.23,0.1,0.19
2022-06-01T05:47:44.094908+00:00,0.15,0.21,0.04,0.19
2022-06-01T05:48:43.654079+00:00,0.17,0.29,0.04,0.19
2022-06-01T05:49:44.119475+00:00,0.16,0.23,0.08,0.19
2022-06-01T05:50:44.597080+00:00,0.15,0.23,0.02,0.2
2022-06-01T05:51:45.205678+00:00,0.14,0.26,0.05,0.19
2022-06-01T05:52:44.222722+00:00,0.14,0.23,0.06,0.2
2022-06-01T05:53:44.718786+00:00,0.14,0.25,0.04,0.2
2022-06-01T05:54:43.749798+00:00,0.15,0.23,0.08,0.19
2022-06-01T05:55:44.326281+00:00,0.16,0.24,0.03,0.19
2022-06-01T05:56:44.808140+00:00,0.14,0.26,0.11,0.2
2022-06-01T05:57:43.742438+00:00,0.16,0.27,0.06,0.2
2022-06-01T05:58:44.214321+00:00,0.13,0.24,0.04,0.19
2022-06-01T05:59:44.812445+00:00,0.16,0.25,0.01,0.2
2022-06-01T06:00:43.836699+00:00,0.13,0.26,0.04,0.2
2022-06-01T06:01:44.591740+00:00,0.17,0.25,0.03,0.2
2022-06-01T06:02:45.121410+00:00,0.16,0.24,0.05,0.2
2022-06-01T06:03:44.235200+00:00,0.14,0.29,0.03,0.19
2022-06-01T06:04:44.752710+00:00,0.16,0.24,0.04,0.2
2022-06-01T06:05:43.848282+00:00,0.15,0.27,0.07,0.2
2022-06-01T06:06:44.598415+00:00,0.17,0.25,0.03,0.2
2022-06-01T06:07:45.159897+00:00,0.17,0.28,0.06,0.21
2022-06-01T06:08:44.045528+00:00,0.14,0.24,0.06,0.2
2022-06-01T06:09:44.631288+00:00,0.15,0.25,0.04,0.2
2022-06-01T06:10:45.161528+00:00,0.15,0.24,0.1,0.2
2022-06-01T06:11:44.074413+00:00,0.14,0.35,0.08,0.2
2022-06-01T06:12:44.686533+00:00,0.15,0.23,0.07,0.2
2022-06-01T06:13:43.772286+00:00,0.16,0.24,0.07,0.2
2022-06-01T06:14:44.230788+00:00,0.14,0.28,0.07,0.2
2022-06-01T06:15:44.948314+00:00,0.17,0.29,0.03,0.19
2022-06-01T06:16:43.856833+00:00,0.14,0.26,0.02,0.2
2022-06-01T06:17:44.430057+00:00,0.14,0.33,0.03,0.2
2022-06-01T06:18:44.972211+00:00,0.14,0.25,0.06,0.19
2022-06-01T06:19:43.946019+00:00,0.13,0.26,0.03,0.19
2022-06-01T06:20:44.418623+00:00,0.16,0.36,0.07,0.19
2022-06-01T06:21:44.949294+00:00,0.13,0.24,0.04,0.19
2022-06-01T06:22:43.932094+00:00,0.12,0.23,0.03,0.19
2022-06-01T06:23:44.707819+00:00,0.13,0.24,0.05,0.18
2022-06-01T06:24:43.614466+00:00,0.13,0.24,0.04,0.18
2022-06-01T06:25:44.207070+00:00,0.13,0.23,0.03,0.18
2022-06-01T06:26:44.808128+00:00,0.13,0.24,0.05,0.19
2022-06-01T06:27:43.728016+00:00,0.14,0.24,0.03,0.19
2022-06-01T06:28:44.211830+00:00,0.14,0.26,0.05,0.19
2022-06-01T06:29:44.802068+00:00,0.13,0.26,0.04,0.18
2022-06-01T06:30:43.753956+00:00,0.13,0.28,0.07,0.18
2022-06-01T06:31:44.275532+00:00,0.13,0.26,0.07,0.19
2022-06-01T06:32:44.799047+00:00,0.11,0.24,0.06,0.19
2022-06-01T06:33:43.715882+00:00,0.14,0.26,0.05,0.18
2022-06-01T06:34:44.323576+00:00,0.12,0.28,0.03,0.18
2022-06-01T06:35:44.813477+00:00,0.12,0.24,0.06,0.18
2022-06-01T06:36:43.874650+00:00,0.13,0.23,0.07,0.19
2022-06-01T06:37:44.410646+00:00,0.14,0.25,0.05,0.19
2022-06-01T06:38:44.976275+00:00,0.13,0.24,0.02,0.19
2022-06-01T06:39:43.897783+00:00,0.11,0.31,0.04,0.19
2022-06-01T06:40:44.532117+00:00,0.12,0.25,0.06,0.18
2022-06-01T06:41:45.095199+00:00,0.18,0.24,0.05,0.19
2022-06-01T06:42:44.120331+00:00,0.12,0.3,0.05,0.19
2022-06-01T06:43:44.641128+00:00,0.13,0.25,0.05,0.19
2022-06-01T06:44:45.217644+00:00,0.12,0.27,0.04,0.18
2022-06-01T06:45:44.191168+00:00,0.14,0.28,0.05,0.19
2022-06-01T06:46:44.673766+00:00,0.13,0.24,0.07,0.19
2022-06-01T06:47:45.225089+00:00,0.13,0.24,0.06,0.19
2022-06-01T06:48:44.169317+00:00,0.12,0.25,0.06,0.19
2022-06-01T06:49:44.627298+00:00,0.13,0.25,0.05,0.19
2022-06-01T06:50:45.148570+00:00,0.14,0.24,0.06,0.19
2022-06-01T06:51:44.182991+00:00,0.13,0.25,0.05,0.19
2022-06-01T06:52:44.832580+00:00,0.14,0.23,0.01,0.19
2022-06-01T06:53:43.955742+00:00,0.14,0.26,0.06,0.19
2022-06-01T06:54:44.617183+00:00,0.14,0.24,0.05,0.19
2022-06-01T06:55:45.201513+00:00,0.14,0.25,0.08,0.19
2022-06-01T06:56:44.173186+00:00,0.14,0.24,0.09,0.19
2022-06-01T06:57:44.812022+00:00,0.13,0.24,0.07,0.19
2022-06-01T06:58:43.758957+00:00,0.12,0.22,0.05,0.2
2022-06-01T06:59:44.276817+00:00,0.13,0.27,0.07,0.2
2022-06-01T07:00:44.805561+00:00,0.15,0.25,0.05,0.19
2022-06-01T07:01:43.779979+00:00,0.14,0.23,0.02,0.19
2022-06-01T07:02:44.263193+00:00,0.14,0.23,0.04,0.19
2022-06-01T07:03:44.821112+00:00,0.13,0.32,0.07,0.19
2022-06-01T07:04:43.650019+00:00,0.14,0.24,0.09,0.19
2022-06-01T07:05:44.244138+00:00,0.14,0.24,0.05,0.2
2022-06-01T07:06:44.727671+00:00,0.13,0.23,0.07,0.19
2022-06-01T07:07:43.681321+00:00,0.12,0.25,0.03,0.19
2022-06-01T07:08:44.521279+00:00,0.13,0.29,0.06,0.2
2022-06-01T07:09:45.081466+00:00,0.14,0.26,0.04,0.18
2022-06-01T07:10:44.090142+00:00,0.14,0.22,0.09,0.19
2022-06-01T07:11:44.611949+00:00,0.13,0.25,0.06,0.19
2022-06-01T07:12:45.185579+00:00,0.14,0.25,0.03,0.19
2022-06-01T07:13:44.232857+00:00,0.13,0.25,0.05,0.19
2022-06-01T07:14:44.726661+00:00,0.14,0.29,0.03,0.19
2022-06-01T07:15:43.672521+00:00,0.14,0.31,0.05,0.19
2022-06-01T07:16:44.286820+00:00,0.13,0.23,0.06,0.19
2022-06-01T07:17:44.770344+00:00,0.14,0.25,0.04,0.2
2022-06-01T07:18:43.741228+00:00,0.14,0.29,0.07,0.19
2022-06-01T07:19:44.358813+00:00,0.14,0.23,0.05,0.19
2022-06-01T07:20:45.199353+00:00,0.14,0.24,0.01,0.19
2022-06-01T07:21:44.210470+00:00,0.13,0.23,0.02,0.19
2022-06-01T07:22:44.777342+00:00,0.14,0.28,0.08,0.19
2022-06-01T07:23:43.757296+00:00,0.15,0.34,0.05,0.19
2022-06-01T07:24:44.284607+00:00,0.13,0.24,0.04,0.19
2022-06-01T07:25:44.920908+00:00,0.14,0.24,0.04,0.19
2022-06-01T07:26:43.928898+00:00,0.13,0.25,0.04,0.19
2022-06-01T07:27:44.523809+00:00,0.15,0.28,0.07,0.19
2022-06-01T07:28:45.077888+00:00,0.14,0.37,0.04,0.19
2022-06-01T07:29:43.974999+00:00,0.14,0.23,0.04,0.19
2022-06-01T07:30:44.531780+00:00,0.13,0.26,0.04,0.19
2022-06-01T07:31:45.118601+00:00,0.14,0.23,0.06,0.19
2022-06-01T07:32:44.092024+00:00,0.13,0.24,0.04,0.19
2022-06-01T07:33:44.626239+00:00,0.14,0.26,0.06,0.19
2022-06-01T07:34:43.627740+00:00,0.14,0.26,0.04,0.19
2022-06-01T07:35:44.157647+00:00,0.13,0.26,0.06,0.2
2022-06-01T07:36:44.726282+00:00,0.13,0.23,0.03,0.19
2022-06-01T07:37:43.761853+00:00,0.14,0.26,0.04,0.19
2022-06-01T07:38:44.366998+00:00,0.12,0.23,0.07,0.19
2022-06-01T07:39:44.978404+00:00,0.12,0.25,0.08,0.19
2022-06-01T07:40:43.925880+00:00,0.12,0.25,0.06,0.2
2022-06-01T07:41:44.633474+00:00,0.14,0.27,0.07,0.19
2022-06-01T07:42:45.200689+00:00,0.12,0.22,0.04,0.19
2022-06-01T07:43:44.316643+00:00,0.15,0.25,0.05,0.19
2022-06-01T07:44:44.907475+00:00,0.12,0.23,0.07,0.19
2022-06-01T07:45:43.779596+00:00,0.12,0.22,0.08,0.19
2022-06-01T07:46:44.340432+00:00,0.13,0.24,0.05,0.19
2022-06-01T07:47:44.894958+00:00,0.13,0.25,0.02,0.19
2022-06-01T07:48:44.039957+00:00,0.12,0.25,0.07,0.19
2022-06-01T07:49:44.684311+00:00,0.13,0.24,0.07,0.19
2022-06-01T07:50:45.179137+00:00,0.12,0.28,0.03,0.19
2022-06-01T07:51:44.241078+00:00,0.13,0.24,0.05,0.19
2022-06-01T07:52:44.885526+00:00,0.14,0.29,0.03,0.19
2022-06-01T07:53:43.723949+00:00,0.14,0.24,0.08,0.19
2022-06-01T07:54:44.275753+00:00,0.13,0.26,0.07,0.19
2022-06-01T07:55:44.945956+00:00,0.12,0.23,0,0.19
2022-06-01T07:56:43.912037+00:00,0.12,0.21,0.04,0.19
2022-06-01T07:57:44.544863+00:00,0.13,0.29,0.05,0.19
2022-06-01T07:58:45.106207+00:00,0.13,0.23,0.08,0.19
2022-06-01T07:59:44.277451+00:00,0.12,0.22,0.09,0.19
2022-06-01T08:00:44.879749+00:00,0.13,0.22,0.05,0.2
2022-06-01T08:01:43.825059+00:00,0.12,0.24,0.08,0.2
2022-06-01T08:02:44.455310+00:00,0.13,0.24,0.05,0.19
2022-06-01T08:03:44.970001+00:00,0.13,0.23,0.09,0.2
2022-06-01T08:04:43.968155+00:00,0.13,0.22,0.05,0.19
2022-06-01T08:05:44.641427+00:00,0.12,0.21,0.05,0.2
2022-06-01T08:06:45.188138+00:00,0.13,0.23,0.02,0.19
2022-06-01T08:07:44.171328+00:00,0.13,0.22,0.07,0.19
2022-06-01T08:08:44.695356+00:00,0.14,0.25,0.04,0.2
2022-06-01T08:09:45.153389+00:00,0.12,0.26,0.05,0.2
2022-06-01T08:10:44.311300+00:00,0.13,0.22,0.05,0.2
2022-06-01T08:11:44.942933+00:00,0.13,0.28,0.06,0.19
2022-06-01T08:12:43.872817+00:00,0.13,0.23,0.03,0.2
2022-06-01T08:13:44.392017+00:00,0.12,0.26,0.04,0.2
2022-06-01T08:14:44.880768+00:00,0.13,0.24,0.04,0.2
2022-06-01T08:15:43.839722+00:00,0.13,0.26,0.1,0.19
2022-06-01T08:16:44.298074+00:00,0.14,0.24,0.02,0.2
2022-06-01T08:17:44.897300+00:00,0.14,0.25,0.05,0.2
2022-06-01T08:18:43.773154+00:00,0.14,0.24,0.04,0.2
2022-06-01T08:19:44.368434+00:00,0.13,0.24,0.07,0.2
2022-06-01T08:20:44.794612+00:00,0.12,0.27,0.06,0.19
2022-06-01T08:21:43.687792+00:00,0.13,0.26,0.07,0.2
2022-06-01T08:22:44.565333+00:00,0.14,0.24,0.06,0.2
2022-06-01T08:23:45.163460+00:00,0.14,0.23,0.08,0.2
2022-06-01T08:24:44.050120+00:00,0.13,0.23,0.09,0.2
2022-06-01T08:25:44.634319+00:00,0.13,0.24,0.09,0.2
2022-06-01T08:26:43.630236+00:00,0.12,0.25,0.05,0.2
2022-06-01T08:27:44.371848+00:00,0.12,0.21,0.02,0.2
2022-06-01T08:28:44.875906+00:00,0.12,0.24,0.11,0.2
2022-06-01T08:29:43.970320+00:00,0.12,0.21,0.05,0.21
2022-06-01T08:30:44.458368+00:00,0.12,0.24,0.09,0.2
2022-06-01T08:31:45.100292+00:00,0.14,0.23,0.05,0.2
2022-06-01T08:32:44.071164+00:00,0.13,0.24,0.09,0.2
2022-06-01T08:33:44.542949+00:00,0.13,0.25,0.06,0.2
2022-06-01T08:34:45.052288+00:00,0.14,0.26,0.04,0.2
2022-06-01T08:35:44.045541+00:00,0.13,0.25,0.06,0.2
2022-06-01T08:36:44.660302+00:00,0.12,0.24,0.04,0.2
2022-06-01T08:37:43.706189+00:00,0.12,0.22,0.03,0.2
2022-06-01T08:38:44.220860+00:00,0.12,0.23,0.05,0.19
2022-06-01T08:39:44.830611+00:00,0.13,0.24,0.05,0.2
2022-06-01T08:40:43.764958+00:00,0.12,0.21,0.03,0.2
2022-06-01T08:41:44.536190+00:00,0.13,0.26,0.04,0.19
2022-06-01T08:42:45.198099+00:00,0.13,0.23,0.02,0.2
2022-06-01T08:43:44.238469+00:00,0.13,0.26,0.02,0.2
2022-06-01T08:44:45.071112+00:00,0.13,0.24,0.04,0.2
2022-06-01T08:45:43.984297+00:00,0.11,0.23,0.07,0.21
2022-06-01T08:46:44.478914+00:00,0.08,0.23,0.06,0.19
2022-06-01T08:47:44.955109+00:00,0.09,0.24,0.05,0.19
2022-06-01T08:48:43.868693+00:00,0.09,0.25,0.05,0.19
2022-06-01T08:49:43.653909+00:00,0.08,0.24,0.01,0.19
2022-06-01T08:50:44.185110+00:00,0.09,0.25,0.05,0.19
2022-06-01T08:51:44.715644+00:00,0.08,0.21,0.03,0.19
2022-06-01T08:52:43.772117+00:00,0.08,0.23,0.06,0.19
2022-06-01T08:53:44.272061+00:00,0.08,0.29,0.06,0.19
2022-06-01T08:54:44.795403+00:00,0.09,0.22,0.04,0.18
2022-06-01T08:55:43.664051+00:00,0.08,0.23,0.04,0.19
2022-06-01T08:56:44.379304+00:00,0.08,0.23,0.04,0.19
2022-06-01T08:57:44.921193+00:00,0.09,0.24,0.08,0.18
2022-06-01T08:58:43.897505+00:00,0.08,0.28,0.03,0.19
2022-06-01T08:59:44.437488+00:00,0.08,0.24,0.03,0.19
2022-06-01T09:00:44.949542+00:00,0.1,0.25,0.09,0.18
2022-06-01T09:01:43.829215+00:00,0.1,0.24,0.08,0.19
2022-06-01T09:02:43.886738+00:00,0.09,0.28,0.05,0.18
2022-06-01T09:03:44.326655+00:00,0.09,0.25,0.04,0.18
2022-06-01T09:04:45.039752+00:00,0.1,0.25,0.03,0.19
2022-06-01T09:05:43.990583+00:00,0.11,0.22,0.03,0.19
2022-06-01T09:06:44.510955+00:00,0.1,0.24,0.02,0.19
2022-06-01T09:07:45.010408+00:00,0.09,0.26,0.04,0.19
2022-06-01T09:08:43.878072+00:00,0.09,0.23,0.11,0.18
2022-06-01T09:09:44.453829+00:00,0.09,0.25,0.05,0.19
2022-06-01T09:10:45.030452+00:00,0.09,0.25,0.06,0.19
2022-06-01T09:11:44.009225+00:00,0.1,0.24,0.06,0.19
2022-06-01T09:12:44.656706+00:00,0.1,0.22,0.05,0.18
2022-06-01T09:13:43.837696+00:00,0.1,0.25,0.07,0.19
2022-06-01T09:14:44.477660+00:00,0.1,0.25,0.07,0.19
2022-06-01T09:15:45.149961+00:00,0.09,0.25,0.07,0.19
2022-06-01T09:16:44.050590+00:00,0.1,0.23,0.06,0.18
2022-06-01T09:17:44.621875+00:00,0.1,0.26,0.06,0.19
2022-06-01T09:18:43.677240+00:00,0.1,0.22,0.02,0.18
2022-06-01T09:19:44.122733+00:00,0.1,0.23,0.05,0.18
2022-06-01T09:20:44.637832+00:00,0.1,0.26,0.01,0.19
2022-06-01T09:21:45.120453+00:00,0.11,0.23,0.07,0.19
2022-06-01T09:22:44.155977+00:00,0.1,0.24,0.04,0.19
2022-06-01T09:23:44.803750+00:00,0.1,0.24,0.06,0.19
2022-06-01T09:24:43.714854+00:00,0.11,0.24,0.05,0.18
2022-06-01T09:25:44.194389+00:00,0.1,0.22,0.05,0.19
2022-06-01T09:26:44.826032+00:00,0.11,0.25,0.05,0.19
2022-06-01T09:27:43.834036+00:00,0.09,0.27,0.03,0.18
2022-06-01T09:28:44.532255+00:00,0.09,0.27,0.08,0.19
2022-06-01T09:29:45.111950+00:00,0.1,0.25,0.05,0.18
2022-06-01T09:30:44.007339+00:00,0.1,0.23,0.05,0.19
2022-06-01T09:31:44.536336+00:00,0.1,0.28,0.01,0.19
2022-06-01T09:32:45.115586+00:00,0.1,0.25,0.07,0.19
2022-06-01T09:33:44.087919+00:00,0.1,0.24,0.06,0.19
2022-06-01T09:34:44.603478+00:00,0.09,0.22,0.07,0.19
2022-06-01T09:35:45.082135+00:00,0.09,0.29,0.05,0.18
2022-06-01T09:36:43.981833+00:00,0.1,0.28,0.05,0.18
2022-06-01T09:37:44.472446+00:00,0.09,0.24,0.04,0.19
2022-06-01T09:38:45.038305+00:00,0.09,0.23,0.02,0.18
2022-06-01T09:39:43.974332+00:00,0.1,0.28,0.06,0.18
2022-06-01T09:40:44.514208+00:00,0.1,0.23,0.04,0.19
2022-06-01T09:41:45.079577+00:00,0.09,0.23,0.02,0.18
2022-06-01T09:42:44.314696+00:00,0.09,0.23,0.06,0.19
2022-06-01T09:43:45.083864+00:00,0.1,0.25,0.04,0.19
2022-06-01T09:44:44.100826+00:00,0.1,0.22,0.04,0.19
2022-06-01T09:45:44.626750+00:00,0.1,0.23,0.02,0.19
2022-06-01T09:46:45.156095+00:00,0.1,0.22,0.04,0.19
2022-06-01T09:47:44.339700+00:00,0.1,0.25,0.05,0.19
2022-06-01T09:48:45.158576+00:00,0.11,0.24,0.07,0.19
2022-06-01T09:49:44.226501+00:00,0.09,0.22,0.01,0.18
2022-06-01T09:50:44.954330+00:00,0.11,0.24,0.01,0.2
2022-06-01T09:51:43.911133+00:00,0.1,0.23,0.09,0.19
2022-06-01T09:52:44.490995+00:00,0.11,0.26,0.04,0.19
2022-06-01T09:53:45.156223+00:00,0.1,0.23,0.01,0.19
2022-06-01T09:54:44.180011+00:00,0.1,0.22,0.03,0.19
2022-06-01T09:55:44.677234+00:00,0.11,0.24,0.07,0.19
2022-06-01T09:56:45.171814+00:00,0.09,0.24,0.06,0.19
2022-06-01T09:57:44.061303+00:00,0.1,0.26,0.03,0.19
2022-06-01T09:58:44.592273+00:00,0.1,0.27,0.02,0.19
2022-06-01T09:59:45.195429+00:00,0.09,0.22,0.1,0.18
2022-06-01T10:00:44.183708+00:00,0.09,0.25,0.06,0.19
2022-06-01T10:01:45.163116+00:00,0.1,0.23,0.05,0.19
2022-06-01T10:02:44.122166+00:00,0.09,0.22,0.04,0.19
2022-06-01T10:03:44.671733+00:00,0.1,0.22,0.03,0.19
2022-06-01T10:04:44.925859+00:00,0.1,0.23,0.04,0.19
2022-06-01T10:05:43.811636+00:00,0.09,0.23,0.02,0.19
2022-06-01T10:06:44.355938+00:00,0.08,0.22,0.07,0.18
2022-06-01T10:07:44.825552+00:00,0.08,0.24,0.03,0.18
2022-06-01T10:08:43.792912+00:00,0.09,0.24,0.08,0.19
2022-06-01T10:09:44.449123+00:00,0.08,0.21,0.04,0.18
2022-06-01T10:10:44.965393+00:00,0.08,0.24,0.04,0.18
2022-06-01T10:11:43.983252+00:00,0.08,0.24,0.07,0.19
2022-06-01T10:12:44.529853+00:00,0.08,0.24,0.06,0.19
2022-06-01T10:13:43.722452+00:00,0.08,0.23,0.04,0.19
2022-06-01T10:14:44.465572+00:00,0.08,0.27,0.05,0.19
2022-06-01T10:15:44.955703+00:00,0.09,0.25,0.05,0.17
2022-06-01T10:16:43.898924+00:00,0.08,0.25,0.08,0.18
2022-06-01T10:17:44.546319+00:00,0.08,0.26,0.04,0.19
2022-06-01T10:18:45.007844+00:00,0.09,0.24,0.03,0.18
2022-06-01T10:19:43.911905+00:00,0.09,0.24,0.04,0.19
2022-06-01T10:20:44.433417+00:00,0.08,0.25,0.07,0.18
2022-06-01T10:21:45.130704+00:00,0.08,0.24,0.04,0.18
2022-06-01T10:22:44.055011+00:00,0.08,0.24,0.02,0.18
2022-06-01T10:23:44.560246+00:00,0.08,0.25,0.07,0.17
2022-06-01T10:24:45.137099+00:00,0.08,0.26,0,0.18
2022-06-01T10:25:44.018029+00:00,0.08,0.25,0.06,0.17
2022-06-01T10:26:44.580756+00:00,0.08,0.26,0.07,0.19
2022-06-01T10:27:43.978797+00:00,0.08,0.24,0.06,0.19
2022-06-01T10:28:44.521439+00:00,0.08,0.25,0.05,0.18
2022-06-01T10:29:44.982549+00:00,0.08,0.24,0.04,0.17
2022-06-01T10:30:43.905770+00:00,0.08,0.25,0.03,0.18
2022-06-01T10:31:44.449704+00:00,0.08,0.27,0.08,0.18
2022-06-01T10:32:45.098115+00:00,0.08,0.24,0.06,0.19
2022-06-01T10:33:44.099076+00:00,0.08,0.25,0.03,0.18
2022-06-01T10:34:44.575790+00:00,0.09,0.27,0.05,0.18
2022-06-01T10:35:45.085355+00:00,0.09,0.25,0.06,0.18
2022-06-01T10:36:43.933509+00:00,0.09,0.26,0.1,0.18
2022-06-01T10:37:44.464428+00:00,0.08,0.26,0.04,0.18
2022-06-01T10:38:45.047943+00:00,0.09,0.25,0.07,0.18
2022-06-01T10:39:43.954400+00:00,0.09,0.23,0.06,0.19
2022-06-01T10:40:44.488100+00:00,0.08,0.23,0.04,0.19
2022-06-01T10:41:45.055354+00:00,0.08,0.25,0.02,0.18
2022-06-01T10:42:43.989200+00:00,0.08,0.26,0.03,0.18
2022-06-01T10:43:44.622482+00:00,0.08,0.26,0.03,0.19
2022-06-01T10:44:45.142075+00:00,0.08,0.24,0.08,0.18
2022-06-01T10:45:44.156969+00:00,0.09,0.24,0.04,0.18
2022-06-01T10:46:44.822039+00:00,0.09,0.23,0.02,0.19
2022-06-01T10:47:43.775397+00:00,0.08,0.28,0.01,0.19
2022-06-01T10:48:44.362432+00:00,0.09,0.23,0.02,0.17
2022-06-01T10:49:44.925392+00:00,0.08,0.22,0.05,0.19
2022-06-01T10:50:43.869601+00:00,0.09,0.24,0.06,0.19
2022-06-01T10:51:44.274207+00:00,0.08,0.25,0.04,0.19
2022-06-01T10:52:44.755033+00:00,0.08,0.25,0.07,0.18
2022-06-01T10:53:43.643593+00:00,0.09,0.24,0.04,0.19
2022-06-01T10:54:44.414680+00:00,0.08,0.24,0.05,0.19
2022-06-01T10:55:44.974639+00:00,0.09,0.25,0.05,0.19
2022-06-01T10:56:43.943510+00:00,0.09,0.25,0.03,0.19
2022-06-01T10:57:44.657327+00:00,0.09,0.26,0.02,0.18
2022-06-01T10:58:45.150624+00:00,0.08,0.25,0.1,0.18
2022-06-01T10:59:44.043631+00:00,0.08,0.26,0.11,0.18
2022-06-01T11:00:44.556725+00:00,0.09,0.24,0.07,0.19
2022-06-01T11:01:45.000204+00:00,0.08,0.26,0.05,0.19
2022-06-01T11:02:43.880917+00:00,0.08,0.25,0.04,0.19
2022-06-01T11:03:44.481663+00:00,0.09,0.27,0.08,0.19
2022-06-01T11:04:45.024503+00:00,0.08,0.24,0.02,0.18
2022-06-01T11:05:44.022577+00:00,0.08,0.29,0.03,0.18
2022-06-01T11:06:44.733219+00:00,0.08,0.25,0.05,0.18
2022-06-01T11:07:43.668293+00:00,0.09,0.25,0.06,0.19
2022-06-01T11:08:44.174053+00:00,0.08,0.31,0.02,0.2
2022-06-01T11:09:44.738880+00:00,0.09,0.27,0.02,0.18
2022-06-01T11:10:43.831562+00:00,0.09,0.28,0.04,0.18
2022-06-01T11:11:44.368410+00:00,0.08,0.26,0.08,0.19
2022-06-01T11:12:44.916179+00:00,0.08,0.23,0.04,0.18
2022-06-01T11:13:43.920051+00:00,0.09,0.26,0.03,0.19
2022-06-01T11:14:44.724828+00:00,0.08,0.23,0.05,0.18
2022-06-01T11:15:43.791698+00:00,0.09,0.24,0.05,0.19
2022-06-01T11:16:44.262012+00:00,0.08,0.25,0.06,0.19
2022-06-01T11:17:44.818983+00:00,0.08,0.24,0.03,0.19
2022-06-01T11:18:43.993918+00:00,0.08,0.25,0.01,0.19
2022-06-01T11:19:44.499753+00:00,0.08,0.26,0.06,0.19
2022-06-01T11:20:44.977850+00:00,0.08,0.25,0.05,0.19
2022-06-01T11:21:43.983210+00:00,0.08,0.26,0.06,0.2
2022-06-01T11:22:44.482671+00:00,0.08,0.26,0.04,0.2
2022-06-01T11:23:45.069068+00:00,0.08,0.26,0.02,0.2
2022-06-01T11:24:44.009008+00:00,0.08,0.24,0.06,0.19
2022-06-01T11:25:44.496121+00:00,0.08,0.25,0.01,0.2
2022-06-01T11:26:44.994525+00:00,0.08,0.26,0.03,0.2
2022-06-01T11:27:43.921954+00:00,0.08,0.23,0.03,0.2
2022-06-01T11:28:44.551265+00:00,0.08,0.23,0.05,0.19
2022-06-01T11:29:45.095676+00:00,0.08,0.23,0.05,0.19
2022-06-01T11:30:44.252131+00:00,0.08,0.25,0.04,0.18
2022-06-01T11:31:44.898397+00:00,0.09,0.24,0.07,0.19
2022-06-01T11:32:43.782905+00:00,0.08,0.34,0.06,0.2
2022-06-01T11:33:44.459485+00:00,0.08,0.27,0.05,0.18
2022-06-01T11:34:43.882170+00:00,0.08,0.26,0.05,0.19
2022-06-01T11:35:44.384386+00:00,0.08,0.24,0.04,0.19
2022-06-01T11:36:45.004040+00:00,0.08,0.24,0.07,0.19
2022-06-01T11:37:44.123554+00:00,0.08,0.25,0.03,0.18
2022-06-01T11:38:44.673242+00:00,0.09,0.24,0.04,0.18
2022-06-01T11:39:43.640799+00:00,0.08,0.25,0.05,0.18
2022-06-01T11:40:44.201394+00:00,0.09,0.25,0.06,0.19
2022-06-01T11:41:45.050752+00:00,0.09,0.24,0.05,0.19
2022-06-01T11:42:45.001934+00:00,0.09,0.27,0.03,0.18
2022-06-01T11:43:43.641468+00:00,0.09,0.28,0.21,0.19
2022-06-01T11:44:44.510823+00:00,0.09,0.28,0.07,0.19
2022-06-01T11:45:44.834297+00:00,0.09,0.25,0.05,0.19
2022-06-01T11:46:43.928099+00:00,0.08,0.27,0.05,0.19
2022-06-01T11:47:44.543533+00:00,0.09,0.28,0.03,0.2
2022-06-01T11:48:45.079658+00:00,0.1,0.26,0.03,0.19
2022-06-01T11:49:44.176443+00:00,0.09,0.25,0.04,0.2
2022-06-01T11:50:44.698567+00:00,0.1,0.26,0.05,0.19
2022-06-01T11:51:43.647242+00:00,0.1,0.27,0.01,0.2
2022-06-01T11:52:44.480747+00:00,0.09,0.28,0.06,0.19
2022-06-01T11:53:45.093776+00:00,0.09,0.26,0.05,0.2
2022-06-01T11:54:44.030787+00:00,0.09,0.27,0.07,0.19
2022-06-01T11:55:44.581650+00:00,0.09,0.24,0.04,0.2
2022-06-01T11:56:45.173939+00:00,0.09,0.27,0.06,0.2
2022-06-01T11:57:44.116784+00:00,0.09,0.27,0.05,0.19
2022-06-01T11:58:44.674459+00:00,0.09,0.27,0.01,0.19
2022-06-01T11:59:45.194020+00:00,0.09,0.26,0.06,0.19
2022-06-01T12:00:44.303846+00:00,0.09,0.24,0.05,0.2
2022-06-01T12:01:44.842128+00:00,0.1,0.26,0.07,0.2
2022-06-01T12:02:43.802177+00:00,0.09,0.25,0.04,0.2
2022-06-01T12:03:44.412463+00:00,0.09,0.27,0.05,0.2
2022-06-01T12:04:45.046699+00:00,0.1,0.23,0.02,0.19
2022-06-01T12:05:44.253659+00:00,0.1,0.26,0.03,0.19
2022-06-01T12:06:44.829116+00:00,0.09,0.25,0.04,0.2
2022-06-01T12:07:43.902679+00:00,0.09,0.26,0.04,0.19
2022-06-01T12:08:44.356369+00:00,0.1,0.26,0.04,0.2
2022-06-01T12:09:45.044349+00:00,0.09,0.25,0.01,0.2
2022-06-01T12:10:43.916310+00:00,0.09,0.23,0.06,0.18
2022-06-01T12:11:44.595214+00:00,0.09,0.29,0.08,0.19
2022-06-01T12:12:43.800454+00:00,0.09,0.24,0.02,0.19
2022-06-01T12:13:44.948638+00:00,0.09,0.26,0.03,0.19
2022-06-01T12:14:43.917528+00:00,0.09,0.25,0.02,0.19
2022-06-01T12:15:44.584668+00:00,0.09,0.26,0.07,0.19
2022-06-01T12:16:45.048335+00:00,0.09,0.27,0.02,0.2
2022-06-01T12:17:43.945319+00:00,0.09,0.27,0.09,0.2
2022-06-01T12:18:44.440162+00:00,0.1,0.26,0.07,0.2
2022-06-01T12:19:44.999177+00:00,0.1,0.27,0.06,0.19
2022-06-01T12:20:43.972470+00:00,0.1,0.24,0.09,0.19
2022-06-01T12:21:44.706767+00:00,0.1,0.26,0.04,0.19
2022-06-01T12:22:43.626140+00:00,0.11,0.27,0.05,0.19
2022-06-01T12:23:44.189408+00:00,0.09,0.27,0.06,0.19
2022-06-01T12:24:44.785316+00:00,0.11,0.28,0.07,0.2
2022-06-01T12:25:43.962738+00:00,0.1,0.26,0.05,0.19
2022-06-01T12:26:44.505074+00:00,0.1,0.29,0.02,0.2
2022-06-01T12:27:44.983223+00:00,0.11,0.23,0.06,0.2
2022-06-01T12:28:43.981855+00:00,0.11,0.27,0.07,0.2
2022-06-01T12:29:44.596564+00:00,0.1,0.28,0.06,0.19
2022-06-01T12:30:45.056986+00:00,0.1,0.34,0.05,0.2
2022-06-01T12:31:43.987940+00:00,0.12,0.25,0.05,0.19
2022-06-01T12:32:44.855682+00:00,0.1,0.27,0.04,0.19
2022-06-01T12:33:43.749770+00:00,0.1,0.26,0.05,0.2
2022-06-01T12:34:44.269321+00:00,0.12,0.24,0.04,0.2
2022-06-01T12:35:44.786196+00:00,0.1,0.3,0.06,0.19
2022-06-01T12:36:43.657920+00:00,0.1,0.25,0.05,0.19
2022-06-01T12:37:44.129806+00:00,0.1,0.29,0.05,0.19
2022-06-01T12:38:44.635099+00:00,0.1,0.28,0.07,0.19
2022-06-01T12:39:43.651654+00:00,0.1,0.3,0.04,0.19
2022-06-01T12:40:44.087630+00:00,0.1,0.28,0.03,0.2
2022-06-01T12:41:44.585458+00:00,0.11,0.27,0.07,0.19
2022-06-01T12:42:45.107872+00:00,0.1,0.25,0.04,0.2
2022-06-01T12:43:44.051242+00:00,0.11,0.27,0.04,0.19
2022-06-01T12:44:44.515865+00:00,0.11,0.26,0.04,0.2
2022-06-01T12:45:45.121238+00:00,0.12,0.25,0.04,0.2
2022-06-01T12:46:44.120965+00:00,0.12,0.26,0.1,0.19
2022-06-01T12:47:44.709301+00:00,0.12,0.27,0.08,0.19
2022-06-01T12:48:44.950518+00:00,0.11,0.26,0.05,0.19
2022-06-01T12:49:43.921591+00:00,0.1,0.29,0.07,0.19
2022-06-01T12:50:44.409971+00:00,0.1,0.25,0.05,0.19
2022-06-01T12:51:43.644594+00:00,0.11,0.26,0.07,0.19
2022-06-01T12:52:44.194487+00:00,0.11,0.26,0.08,0.19
2022-06-01T12:53:44.718621+00:00,0.11,0.26,0.09,0.2
2022-06-01T12:54:45.214335+00:00,0.11,0.23,0.03,0.19
2022-06-01T12:55:44.080412+00:00,0.11,0.28,0.03,0.2
2022-06-01T12:56:44.659538+00:00,0.12,0.25,0.06,0.2
2022-06-01T12:57:45.172032+00:00,0.11,0.26,0.03,0.19
2022-06-01T12:58:44.315596+00:00,0.11,0.26,0.01,0.2
2022-06-01T12:59:44.845747+00:00,0.11,0.33,0.04,0.2
2022-06-01T13:00:43.802837+00:00,0.11,0.26,0.07,0.19
2022-06-01T13:01:44.275358+00:00,0.12,0.25,0.02,0.19
2022-06-01T13:02:44.784352+00:00,0.12,0.25,0.08,0.2
2022-06-01T13:03:43.704724+00:00,0.11,0.27,0.05,0.19
2022-06-01T13:04:44.221562+00:00,0.11,0.3,0.07,0.19
2022-06-01T13:05:44.902645+00:00,0.12,0.26,0.05,0.19
2022-06-01T13:06:43.927421+00:00,0.12,0.26,0.03,0.19
2022-06-01T13:07:44.675510+00:00,0.1,0.29,0.06,0.2
2022-06-01T13:08:45.160618+00:00,0.11,0.26,0.05,0.19
2022-06-01T13:09:44.109627+00:00,0.11,0.3,0.05,0.19
2022-06-01T13:10:44.607829+00:00,0.1,0.25,0.05,0.2
2022-06-01T13:11:45.175787+00:00,0.12,0.28,0.04,0.19
2022-06-01T13:12:44.575412+00:00,0.12,0.28,0.06,0.19
2022-06-01T13:13:45.160788+00:00,0.11,0.29,0.06,0.2
2022-06-01T13:14:44.204094+00:00,0.1,0.25,0.04,0.19
2022-06-01T13:15:44.759940+00:00,0.11,0.3,0.04,0.19
2022-06-01T13:16:43.773029+00:00,0.11,0.28,0.06,0.19
2022-06-01T13:17:44.311966+00:00,0.11,0.28,0.06,0.2
2022-06-01T13:18:44.784832+00:00,0.12,0.27,0.06,0.19
2022-06-01T13:19:43.745453+00:00,0.1,0.3,0.04,0.19
2022-06-01T13:20:44.335880+00:00,0.11,0.25,0.05,0.2
2022-06-01T13:21:44.992287+00:00,0.12,0.24,0,0.19
2022-06-01T13:22:43.902815+00:00,0.1,0.26,0.04,0.19
2022-06-01T13:23:44.430059+00:00,0.11,0.26,0.05,0.19
2022-06-01T13:24:44.968335+00:00,0.1,0.27,0.06,0.19
2022-06-01T13:25:43.916814+00:00,0.11,0.28,0.05,0.2
2022-06-01T13:26:44.465290+00:00,0.13,0.28,0.06,0.19
2022-06-01T13:27:43.775678+00:00,0.11,0.27,0.05,0.2
2022-06-01T13:28:44.547919+00:00,0.11,0.25,0.07,0.19
2022-06-01T13:29:45.087921+00:00,0.11,0.27,0.06,0.19
2022-06-01T13:30:44.053979+00:00,0.11,0.24,0.05,0.19
2022-06-01T13:31:44.668391+00:00,0.11,0.24,0.05,0.19
2022-06-01T13:32:45.143630+00:00,0.11,0.27,0.04,0.19
2022-06-01T13:33:44.091795+00:00,0.11,0.26,0.06,0.2
2022-06-01T13:34:44.555557+00:00,0.1,0.31,0.04,0.2
2022-06-01T13:35:45.117380+00:00,0.12,0.26,0.06,0.2
2022-06-01T13:36:44.062742+00:00,0.12,0.28,0.05,0.2
2022-06-01T13:37:43.876157+00:00,0.1,0.23,0.05,0.19
2022-06-01T13:38:44.412078+00:00,0.12,0.24,0.05,0.2
2022-06-01T13:39:44.986680+00:00,0.11,0.25,0.04,0.2
2022-06-01T13:40:44.061505+00:00,0.11,0.25,0.05,0.19
2022-06-01T13:41:44.555401+00:00,0.11,0.25,0.06,0.19
2022-06-01T13:42:45.132599+00:00,0.12,0.29,0.05,0.19
2022-06-01T13:43:44.218481+00:00,0.11,0.26,0.05,0.19
2022-06-01T13:44:44.709660+00:00,0.11,0.25,0.03,0.19
2022-06-01T13:45:45.159647+00:00,0.1,0.25,0.06,0.19
2022-06-01T13:46:44.160703+00:00,0.12,0.26,0.06,0.19
2022-06-01T13:47:44.853810+00:00,0.11,0.25,0.09,0.19
2022-06-01T13:48:43.803457+00:00,0.11,0.26,0.06,0.19
2022-06-01T13:49:44.371599+00:00,0.12,0.27,0.07,0.2
2022-06-01T13:50:45.025827+00:00,0.12,0.28,0.05,0.2
2022-06-01T13:51:43.967102+00:00,0.11,0.26,0.07,0.2
2022-06-01T13:52:44.465154+00:00,0.11,0.23,0.05,0.2
2022-06-01T13:53:45.063198+00:00,0.1,0.25,0.04,0.19
2022-06-01T13:54:44.058853+00:00,0.11,0.28,0,0.2
2022-06-01T13:55:44.568058+00:00,0.1,0.24,0.05,0.2
2022-06-01T13:56:45.098219+00:00,0.11,0.27,0.04,0.19
2022-06-01T13:57:44.108021+00:00,0.12,0.27,0.08,0.2
2022-06-01T13:58:44.704036+00:00,0.1,0.27,0.03,0.19
2022-06-01T13:59:43.645972+00:00,0.11,0.26,0.08,0.19
2022-06-01T14:00:44.232724+00:00,0.11,0.28,0.05,0.2
2022-06-01T14:01:44.760798+00:00,0.1,0.25,0.06,0.2
2022-06-01T14:02:43.699657+00:00,0.1,0.3,0.06,0.19
2022-06-01T14:03:44.173022+00:00,0.1,0.27,0.06,0.19
2022-06-01T14:04:44.693468+00:00,0.1,0.27,0.06,0.2
2022-06-01T14:05:43.670265+00:00,0.1,0.28,0.06,0.2
2022-06-01T14:06:44.200719+00:00,0.09,0.27,0.03,0.2
2022-06-01T14:07:44.728449+00:00,0.1,0.28,0.04,0.19
2022-06-01T14:08:43.637551+00:00,0.11,0.27,0.08,0.2
2022-06-01T14:09:44.471301+00:00,0.09,0.27,0.07,0.2
2022-06-01T14:10:45.104890+00:00,0.1,0.27,0.08,0.2
2022-06-01T14:11:44.071038+00:00,0.11,0.28,0.05,0.21
2022-06-01T14:12:44.739634+00:00,0.09,0.28,0,0.2
2022-06-01T14:13:43.778031+00:00,0.08,0.26,0.07,0.2
2022-06-01T14:14:44.280820+00:00,0.1,0.27,0.03,0.2
2022-06-01T14:15:44.912447+00:00,0.09,0.33,0.03,0.2
2022-06-01T14:16:43.880458+00:00,0.1,0.38,0.02,0.2
2022-06-01T14:17:44.433521+00:00,0.09,0.28,0.06,0.21
2022-06-01T14:18:43.678593+00:00,0.08,0.28,0.06,0.2
2022-06-01T14:19:44.544084+00:00,0.07,0.28,0.03,0.2
2022-06-01T14:20:44.002862+00:00,0.08,0.27,0.02,0.21
2022-06-01T14:21:45.104893+00:00,0.09,0.29,0.05,0.2
2022-06-01T14:22:44.495704+00:00,0.08,0.26,0.05,0.19
2022-06-01T14:23:43.774778+00:00,0.09,0.25,0.07,0.2
2022-06-01T14:24:44.822944+00:00,0.1,0.24,0.05,0.2
2022-06-01T14:25:44.205972+00:00,0.11,0.24,0.06,0.2
2022-06-01T14:26:43.634260+00:00,0.11,0.26,0.09,0.2
2022-06-01T14:27:44.505250+00:00,0.11,0.27,0.06,0.2
2022-06-01T14:28:43.853636+00:00,0.11,0.28,0.04,0.2
2022-06-01T14:29:44.807810+00:00,0.12,0.29,0.06,0.2
2022-06-01T14:30:44.284405+00:00,0.11,0.23,0.05,0.2
2022-06-01T14:31:43.674657+00:00,0.11,0.25,0.01,0.19
2022-06-01T14:32:44.509726+00:00,0.11,0.26,0.11,0.19
2022-06-01T14:33:43.702708+00:00,0.11,0.27,0.05,0.2
2022-06-01T14:34:44.879100+00:00,0.1,0.24,0.03,0.2
2022-06-01T14:35:44.002247+00:00,0.1,0.26,0.05,0.19
2022-06-01T14:36:45.138829+00:00,0.12,0.25,0.04,0.19
2022-06-01T14:37:44.069500+00:00,0.12,0.28,0.04,0.2
2022-06-01T14:38:44.637642+00:00,0.12,0.29,0.06,0.2
2022-06-01T14:39:43.684874+00:00,0.11,0.27,0.06,0.2
2022-06-01T14:40:44.366024+00:00,0.15,0.28,0.04,0.2
2022-06-01T14:41:43.624760+00:00,0.11,0.3,0.08,0.2
2022-06-01T14:42:44.317851+00:00,0.1,0.29,0.07,0.19
2022-06-01T14:43:45.113959+00:00,0.11,0.27,0.02,0.2
2022-06-01T14:44:44.621404+00:00,0.12,0.31,0.04,0.2
2022-06-01T14:45:43.689365+00:00,0.11,0.28,0.05,0.2
2022-06-01T14:46:44.304619+00:00,0.12,0.28,0.03,0.19
2022-06-01T14:47:44.794442+00:00,0.11,0.27,0.05,0.19
2022-06-01T14:48:43.845741+00:00,0.11,0.24,0.03,0.2
2022-06-01T14:49:44.436916+00:00,0.11,0.23,0.09,0.19
2022-06-01T14:50:44.967515+00:00,0.11,0.23,0.06,0.2
2022-06-01T14:51:44.163501+00:00,0.11,0.25,0.04,0.2
2022-06-01T14:52:44.801190+00:00,0.11,0.26,0.06,0.19
2022-06-01T14:53:43.981454+00:00,0.11,0.25,0.05,0.2
2022-06-01T14:54:44.494220+00:00,0.13,0.26,0.05,0.2
2022-06-01T14:55:43.616261+00:00,0.12,0.27,0.02,0.2
2022-06-01T14:56:44.166549+00:00,0.12,0.24,0.03,0.2
2022-06-01T14:57:44.718436+00:00,0.11,0.25,0.06,0.2
2022-06-01T14:58:43.643715+00:00,0.13,0.24,0.02,0.2
2022-06-01T14:59:44.341889+00:00,0.13,0.25,0.03,0.19
2022-06-01T15:00:44.893089+00:00,0.12,0.27,0.07,0.2
2022-06-01T15:01:43.914694+00:00,0.13,0.32,0.04,0.2
2022-06-01T15:02:44.534625+00:00,0.11,0.31,0.04,0.2
2022-06-01T15:03:45.113022+00:00,0.11,0.27,0.03,0.2
2022-06-01T15:04:44.217290+00:00,0.12,0.27,0.05,0.2
2022-06-01T15:05:44.909068+00:00,0.13,0.22,0.08,0.2
2022-06-01T15:06:43.886466+00:00,0.13,0.3,0.05,0.2
2022-06-01T15:07:45.062195+00:00,0.11,0.29,0.03,0.2
2022-06-01T15:08:43.995560+00:00,0.11,0.26,0.04,0.2
2022-06-01T15:09:44.518440+00:00,0.11,0.28,0.04,0.21
2022-06-01T15:10:45.059567+00:00,0.09,0.29,0.06,0.2
2022-06-01T15:11:44.087048+00:00,0.12,0.25,0.04,0.2
2022-06-01T15:12:44.641555+00:00,0.11,0.26,0.07,0.19
2022-06-01T15:13:43.648301+00:00,0.11,0.26,0.07,0.2
2022-06-01T15:14:44.267057+00:00,0.12,0.25,0.04,0.2
2022-06-01T15:15:44.812359+00:00,0.13,0.26,0.04,0.2
2022-06-01T15:16:43.932602+00:00,0.12,0.24,0.05,0.2
2022-06-01T15:17:44.431338+00:00,0.12,0.25,0.07,0.2
2022-06-01T15:18:44.974256+00:00,0.11,0.24,0.03,0.2
2022-06-01T15:19:43.922481+00:00,0.11,0.27,0.05,0.2
2022-06-01T15:20:44.435431+00:00,0.14,0.28,0.06,0.2
2022-06-01T15:21:44.954109+00:00,0.12,0.22,0.04,0.2
2022-06-01T15:22:44.026900+00:00,0.13,0.25,0.04,0.2
2022-06-01T15:23:44.935571+00:00,0.12,0.25,0.08,0.2
2022-06-01T15:24:43.875187+00:00,0.12,0.3,0.07,0.22
2022-06-01T15:25:44.437589+00:00,0.09,0.24,0.07,0.2
2022-06-01T15:26:45.128566+00:00,0.09,0.29,0.05,0.22
2022-06-01T15:27:44.127412+00:00,0.09,0.27,0.09,0.19
2022-06-01T15:28:44.780460+00:00,0.09,0.29,0.06,0.21
2022-06-01T15:29:43.743231+00:00,0.1,0.25,0.03,0.21
2022-06-01T15:30:44.380028+00:00,0.09,0.25,0.06,0.2
2022-06-01T15:31:44.922803+00:00,0.1,0.29,0.02,0.2
2022-06-01T15:32:43.854156+00:00,0.11,0.27,0.04,0.2
2022-06-01T15:33:44.352943+00:00,0.12,0.23,0.04,0.2
2022-06-01T15:34:44.980054+00:00,0.12,0.24,0.01,0.2
2022-06-01T15:35:44.005366+00:00,0.12,0.25,0.09,0.2
2022-06-01T15:36:44.627493+00:00,0.12,0.25,0.06,0.2
2022-06-01T15:37:43.697460+00:00,0.12,0.26,0.05,0.2
2022-06-01T15:38:44.331731+00:00,0.11,0.22,0.07,0.2
2022-06-01T15:39:44.867277+00:00,0.12,0.24,0.06,0.2
2022-06-01T15:40:43.732995+00:00,0.12,0.23,0.03,0.2
2022-06-01T15:41:44.388805+00:00,0.12,0.25,0.07,0.2
2022-06-01T15:42:44.877731+00:00,0.13,0.25,0.01,0.2
2022-06-01T15:43:43.834499+00:00,0.13,0.23,0.05,0.21
2022-06-01T15:44:44.702320+00:00,0.12,0.26,0.06,0.19
2022-06-01T15:45:43.779986+00:00,0.13,0.22,0.01,0.2
2022-06-01T15:46:44.313376+00:00,0.12,0.26,0.04,0.19
2022-06-01T15:47:44.824467+00:00,0.12,0.27,0.06,0.19
2022-06-01T15:48:43.708588+00:00,0.13,0.28,0.05,0.19
2022-06-01T15:49:44.146363+00:00,0.12,0.28,0.05,0.19
2022-06-01T15:50:44.639533+00:00,0.13,0.24,0.03,0.2
2022-06-01T15:51:43.726402+00:00,0.14,0.25,0.05,0.2
2022-06-01T15:52:44.321837+00:00,0.12,0.22,0.03,0.22
2022-06-01T15:53:44.915769+00:00,0.13,0.23,0.04,0.2
2022-06-01T15:54:43.775482+00:00,0.11,0.29,0.04,0.21
2022-06-01T15:55:44.401467+00:00,0.12,0.24,0.05,0.21
2022-06-01T15:56:43.623351+00:00,0.11,0.25,0.03,0.21
2022-06-01T15:57:44.171006+00:00,0.11,0.24,0.07,0.2
2022-06-01T15:58:44.821841+00:00,0.11,0.22,0.07,0.19
2022-06-01T15:59:43.716475+00:00,0.11,0.26,0.08,0.2
2022-06-01T16:00:44.404083+00:00,0.12,0.27,0.05,0.2
2022-06-01T16:01:44.937413+00:00,0.11,0.24,0.01,0.2
2022-06-01T16:02:43.800650+00:00,0.12,0.24,0.04,0.2
2022-06-01T16:03:44.470604+00:00,0.11,0.24,0.11,0.22
2022-06-01T16:04:43.757113+00:00,0.1,0.25,0.04,0.21
2022-06-01T16:05:44.603553+00:00,0.1,0.21,0.05,0.22
2022-06-01T16:06:45.158566+00:00,0.1,0.25,0.03,0.2
2022-06-01T16:07:44.126193+00:00,0.1,0.23,0.1,0.21
2022-06-01T16:08:44.710401+00:00,0.11,0.25,0.05,0.2
2022-06-01T16:09:43.656387+00:00,0.12,0.23,0.07,0.19
2022-06-01T16:10:44.218961+00:00,0.12,0.26,0.04,0.19
2022-06-01T16:11:44.735125+00:00,0.13,0.26,0.03,0.2
2022-06-01T16:12:43.770156+00:00,0.13,0.25,0.08,0.2
2022-06-01T16:13:44.270170+00:00,0.11,0.26,0.05,0.22
2022-06-01T16:14:44.817756+00:00,0.13,0.23,0.04,0.19
2022-06-01T16:15:43.828439+00:00,0.12,0.21,0.04,0.22
2022-06-01T16:16:44.389387+00:00,0.13,0.3,0.08,0.21
2022-06-01T16:17:44.993534+00:00,0.11,0.26,0.04,0.22
2022-06-01T16:18:44.103905+00:00,0.1,0.24,0.02,0.2
2022-06-01T16:19:44.648144+00:00,0.11,0.21,0.06,0.19
2022-06-01T16:20:45.113011+00:00,0.11,0.24,0.04,0.19
2022-06-01T16:21:44.051228+00:00,0.1,0.21,0.08,0.22
2022-06-01T16:22:44.537930+00:00,0.11,0.31,0.03,0.2
2022-06-01T16:23:45.216954+00:00,0.1,0.22,0.03,0.2
2022-06-01T16:24:44.168492+00:00,0.11,0.23,0.06,0.2
2022-06-01T16:25:44.723497+00:00,0.11,0.21,0.05,0.2
2022-06-01T16:26:43.826873+00:00,0.12,0.25,0.05,0.19
2022-06-01T16:27:44.315130+00:00,0.12,0.28,0.02,0.2
2022-06-01T16:28:44.745039+00:00,0.12,0.25,0.03,0.21
2022-06-01T16:29:43.904421+00:00,0.12,0.29,0.03,0.19
2022-06-01T16:30:44.528101+00:00,0.12,0.28,0.07,0.2
2022-06-01T16:31:45.059662+00:00,0.12,0.24,0.05,0.2
2022-06-01T16:32:44.029468+00:00,0.13,0.24,0.04,0.23
2022-06-01T16:33:44.531944+00:00,0.12,0.24,0.05,0.19
2022-06-01T16:34:45.041188+00:00,0.13,0.28,0.05,0.2
2022-06-01T16:35:43.967393+00:00,0.11,0.24,0.05,0.21
2022-06-01T16:36:44.441834+00:00,0.12,0.28,0.05,0.19
2022-06-01T16:37:45.044127+00:00,0.11,0.31,0.06,0.2
2022-06-01T16:38:43.975688+00:00,0.11,0.22,0.04,0.2
2022-06-01T16:39:44.515424+00:00,0.11,0.23,0.04,0.2
2022-06-01T16:40:45.223067+00:00,0.11,0.24,0.04,0.2
2022-06-01T16:41:44.200985+00:00,0.11,0.24,0.03,0.21
2022-06-01T16:42:44.861843+00:00,0.12,0.24,0.06,0.2
2022-06-01T16:43:43.775978+00:00,0.11,0.23,0.07,0.21
2022-06-01T16:44:44.318361+00:00,0.12,0.23,0.1,0.2
2022-06-01T16:45:44.899325+00:00,0.11,0.24,0.04,0.18
2022-06-01T16:46:43.820802+00:00,0.1,0.23,0.03,0.21
2022-06-01T16:47:44.388503+00:00,0.11,0.25,0.02,0.22
2022-06-01T16:48:44.906771+00:00,0.11,0.28,0.05,0.22
2022-06-01T16:49:43.797224+00:00,0.14,0.24,0.05,0.2
2022-06-01T16:50:44.277269+00:00,0.13,0.25,0.04,0.22
2022-06-01T16:51:44.776027+00:00,0.12,0.3,0.06,0.2
2022-06-01T16:52:43.649741+00:00,0.13,0.22,0.06,0.2
2022-06-01T16:53:44.307338+00:00,0.13,0.26,0.04,0.2
2022-06-01T16:54:44.771069+00:00,0.13,0.24,0.04,0.2
2022-06-01T16:55:43.760057+00:00,0.12,0.22,0.06,0.21
2022-06-01T16:56:44.317075+00:00,0.13,0.26,0.04,0.2
2022-06-01T16:57:44.824218+00:00,0.15,0.25,0.05,0.22
2022-06-01T16:58:43.872155+00:00,0.13,0.27,0.04,0.19
2022-06-01T16:59:44.480553+00:00,0.13,0.28,0.05,0.2
2022-06-01T17:00:45.015261+00:00,0.13,0.25,0.05,0.21
2022-06-01T17:01:43.999435+00:00,0.12,0.26,0.03,0.23
2022-06-01T17:02:44.531591+00:00,0.13,0.26,0.05,0.2
2022-06-01T17:03:45.023118+00:00,0.14,0.31,0.05,0.21
2022-06-01T17:04:43.969642+00:00,0.16,0.36,0.03,0.22
2022-06-01T17:05:44.510887+00:00,0.12,0.25,0.04,0.2
2022-06-01T17:06:45.035986+00:00,0.13,0.28,0.04,0.19
2022-06-01T17:07:44.059622+00:00,0.14,0.24,0.05,0.19
2022-06-01T17:08:44.514388+00:00,0.13,0.23,0.03,0.19
2022-06-01T17:09:45.093821+00:00,0.14,0.27,0.02,0.2
2022-06-01T17:10:44.005988+00:00,0.13,0.31,0.04,0.19
2022-06-01T17:11:44.582109+00:00,0.13,0.24,0.06,0.21
2022-06-01T17:12:45.166105+00:00,0.12,0.25,0.07,0.22
2022-06-01T17:13:44.204746+00:00,0.12,0.28,0.05,0.2
2022-06-01T17:14:44.819178+00:00,0.13,0.23,0.05,0.19
2022-06-01T17:15:43.727452+00:00,0.12,0.24,0.04,0.19
2022-06-01T17:16:44.293340+00:00,0.12,0.27,0.06,0.2
2022-06-01T17:17:44.916369+00:00,0.15,0.27,0.07,0.19
2022-06-01T17:18:44.037249+00:00,0.12,0.26,0.04,0.2
2022-06-01T17:19:45.069151+00:00,0.14,0.25,0.03,0.2
2022-06-01T17:20:43.997642+00:00,0.13,0.22,0.02,0.21
2022-06-01T17:21:44.627927+00:00,0.14,0.26,0.03,0.2
2022-06-01T17:22:43.614459+00:00,0.12,0.27,0.04,0.19
2022-06-01T17:23:44.227265+00:00,0.14,0.26,0.06,0.22
2022-06-01T17:24:44.943320+00:00,0.14,0.3,0.02,0.21
2022-06-01T17:25:44.126507+00:00,0.14,0.27,0.07,0.18
2022-06-01T17:26:44.720947+00:00,0.13,0.2,0.04,0.21
2022-06-01T17:27:45.179968+00:00,0.15,0.3,0.05,0.2
2022-06-01T17:28:44.170401+00:00,0.14,0.27,0.03,0.21
2022-06-01T17:29:44.703719+00:00,0.13,0.28,0.05,0.18
2022-06-01T17:30:45.182355+00:00,0.16,0.31,0.04,0.19
2022-06-01T17:31:44.267717+00:00,0.14,0.27,0.08,0.23
2022-06-01T17:32:44.826781+00:00,0.12,0.23,0.06,0.2
2022-06-01T17:33:43.887995+00:00,0.13,0.25,0.05,0.21
2022-06-01T17:34:44.439274+00:00,0.17,0.3,0.06,0.2
2022-06-01T17:35:45.049102+00:00,0.15,0.25,0.07,0.21
2022-06-01T17:36:44.068959+00:00,0.14,0.25,0.04,0.22
2022-06-01T17:37:44.612517+00:00,0.14,0.28,0.07,0.21
2022-06-01T17:38:43.874138+00:00,0.15,0.24,0.05,0.23
2022-06-01T17:39:44.469652+00:00,0.14,0.29,0.07,0.22
2022-06-01T17:40:45.108062+00:00,0.15,0.26,0.04,0.2
2022-06-01T17:41:44.213346+00:00,0.14,0.28,0.06,0.2
2022-06-01T17:42:44.901927+00:00,0.12,0.28,0.07,0.21
2022-06-01T17:43:43.795309+00:00,0.15,0.24,0.05,0.2
2022-06-01T17:44:44.369586+00:00,0.13,0.23,0.04,0.2
2022-06-01T17:45:44.931205+00:00,0.15,0.23,0.06,0.21
2022-06-01T17:46:44.022744+00:00,0.13,0.26,0.07,0.22
2022-06-01T17:47:44.544671+00:00,0.14,0.26,0.06,0.19
2022-06-01T17:48:45.092567+00:00,0.14,0.32,0.08,0.19
2022-06-01T17:49:43.780014+00:00,0.14,0.27,0.06,0.2
2022-06-01T17:50:44.366895+00:00,0.14,0.24,0.09,0.22
2022-06-01T17:51:45.148765+00:00,0.13,0.28,0.06,0.2
2022-06-01T17:52:44.044334+00:00,0.14,0.27,0.04,0.21
2022-06-01T17:53:44.561216+00:00,0.14,0.24,0.05,0.23
2022-06-01T17:54:43.615013+00:00,0.14,0.22,0.06,0.19
2022-06-01T17:55:44.428019+00:00,0.16,0.31,0.08,0.2
2022-06-01T17:56:44.963249+00:00,0.15,0.28,0.04,0.2
2022-06-01T17:57:44.127029+00:00,0.14,0.31,0.08,0.2
2022-06-01T17:58:44.714471+00:00,0.14,0.23,0.06,0.2
2022-06-01T17:59:45.201299+00:00,0.14,0.25,0.08,0.2
2022-06-01T18:00:44.167322+00:00,0.16,0.31,0.04,0.2
2022-06-01T18:01:44.668794+00:00,0.15,0.24,0.03,0.2
2022-06-01T18:02:43.626852+00:00,0.15,0.31,0.05,0.21
2022-06-01T18:03:44.198465+00:00,0.14,0.27,0.03,0.19
2022-06-01T18:04:44.741534+00:00,0.17,0.28,0.03,0.2
2022-06-01T18:05:43.735707+00:00,0.14,0.25,0.05,0.24
2022-06-01T18:06:44.211525+00:00,0.15,0.23,0.06,0.21
2022-06-01T18:07:44.687303+00:00,0.15,0.21,0.06,0.23
2022-06-01T18:08:44.001121+00:00,0.15,0.26,0.06,0.23
2022-06-01T18:09:44.872653+00:00,0.15,0.24,0.05,0.22
2022-06-01T18:10:43.832626+00:00,0.14,0.27,0.04,0.21
2022-06-01T18:11:44.413303+00:00,0.14,0.25,0.05,0.2
2022-06-01T18:12:44.998540+00:00,0.15,0.25,0.05,0.19
2022-06-01T18:13:44.081729+00:00,0.13,0.27,0.08,0.21
2022-06-01T18:14:44.683473+00:00,0.15,0.24,0.09,0.22
2022-06-01T18:15:43.626818+00:00,0.14,0.29,0.06,0.2
2022-06-01T18:16:44.224479+00:00,0.15,0.29,0.05,0.21
2022-06-01T18:17:44.840318+00:00,0.14,0.29,0.05,0.19
2022-06-01T18:18:43.807881+00:00,0.14,0.25,0.04,0.2
2022-06-01T18:19:44.351810+00:00,0.15,0.25,0.07,0.2
2022-06-01T18:20:45.062838+00:00,0.14,0.27,0.09,0.19
2022-06-01T18:21:44.033308+00:00,0.16,0.25,0.07,0.21
2022-06-01T18:22:44.585656+00:00,0.15,0.33,0.07,0.19
2022-06-01T18:23:45.219283+00:00,0.17,0.24,0.04,0.21
2022-06-01T18:24:44.173768+00:00,0.17,0.24,0.06,0.2
2022-06-01T18:25:44.702787+00:00,0.17,0.26,0.07,0.21
2022-06-01T18:26:43.681981+00:00,0.17,0.25,0.06,0.19
2022-06-01T18:27:44.170225+00:00,0.17,0.27,0.08,0.19
2022-06-01T18:28:44.731298+00:00,0.15,0.23,0.04,0.2
2022-06-01T18:29:43.690846+00:00,0.15,0.25,0.02,0.21
2022-06-01T18:30:44.230066+00:00,0.16,0.26,0.09,0.19
2022-06-01T18:31:44.649882+00:00,0.15,0.27,0.05,0.2
2022-06-01T18:32:45.107865+00:00,0.15,0.25,0.05,0.21
2022-06-01T18:33:44.027979+00:00,0.15,0.24,0.02,0.21
2022-06-01T18:34:44.645512+00:00,0.15,0.42,0.04,0.21
2022-06-01T18:35:43.672296+00:00,0.16,0.27,0.05,0.19
2022-06-01T18:36:44.122438+00:00,0.15,0.21,0.07,0.21
2022-06-01T18:37:44.652942+00:00,0.17,0.27,0.08,0.23
2022-06-01T18:38:45.185719+00:00,0.17,0.29,0.1,0.23
2022-06-01T18:39:44.355724+00:00,0.19,0.26,0.04,0.2
2022-06-01T18:40:45.001246+00:00,0.14,0.25,0.05,0.24
2022-06-01T18:41:43.909017+00:00,0.16,0.25,0.07,0.2
2022-06-01T18:42:44.506977+00:00,0.16,0.26,0.06,0.2
2022-06-01T18:43:45.202900+00:00,0.19,0.29,0.05,0.22
2022-06-01T18:44:44.181135+00:00,0.15,0.32,0.07,0.19
2022-06-01T18:45:44.716743+00:00,0.17,0.26,0.03,0.2
2022-06-01T18:46:43.696302+00:00,0.18,0.3,0.05,0.2
2022-06-01T18:47:44.176699+00:00,0.17,0.23,0.04,0.23
2022-06-01T18:48:44.644404+00:00,0.15,0.32,0.04,0.2
2022-06-01T18:49:45.198837+00:00,0.17,0.28,0.02,0.2
2022-06-01T18:50:44.297898+00:00,0.16,0.26,0.08,0.21
2022-06-01T18:51:45.017322+00:00,0.17,0.24,0.06,0.22
2022-06-01T18:52:44.253282+00:00,0.17,0.29,0.04,0.23
2022-06-01T18:53:44.823866+00:00,0.13,0.25,0.05,0.23
2022-06-01T18:54:43.807690+00:00,0.16,0.29,0.04,0.2
2022-06-01T18:55:44.537287+00:00,0.14,0.24,0.03,0.2
2022-06-01T18:56:45.073225+00:00,0.16,0.28,0.07,0.2
2022-06-01T18:57:44.142551+00:00,0.16,0.25,0.09,0.2
2022-06-01T18:58:44.660696+00:00,0.15,0.24,0.04,0.22
2022-06-01T18:59:45.187006+00:00,0.15,0.26,0.05,0.19
2022-06-01T19:00:44.079289+00:00,0.13,0.27,0.04,0.22
2022-06-01T19:01:44.615764+00:00,0.14,0.29,0.05,0.2
2022-06-01T19:02:45.070715+00:00,0.19,0.31,0.04,0.23
2022-06-01T19:03:43.922640+00:00,0.15,0.27,0.06,0.23
2022-06-01T19:04:44.542613+00:00,0.15,0.27,0.06,0.2
2022-06-01T19:05:44.997293+00:00,0.16,0.26,0.06,0.21
2022-06-01T19:06:44.089629+00:00,0.15,0.26,0.05,0.19
2022-06-01T19:07:44.656894+00:00,0.16,0.26,0.04,0.2
2022-06-01T19:08:45.144214+00:00,0.15,0.25,0.07,0.2
2022-06-01T19:09:44.070360+00:00,0.17,0.28,0.05,0.2
2022-06-01T19:10:44.516561+00:00,0.14,0.26,0.03,0.21
2022-06-01T19:11:45.022093+00:00,0.16,0.28,0.06,0.19
2022-06-01T19:12:43.907343+00:00,0.17,0.29,0.05,0.22
2022-06-01T19:13:44.689064+00:00,0.14,0.24,0.04,0.2
2022-06-01T19:14:45.187587+00:00,0.16,0.3,0.04,0.22
2022-06-01T19:15:44.084451+00:00,0.15,0.26,0.06,0.23
2022-06-01T19:16:44.593111+00:00,0.22,0.21,0.04,0.24
2022-06-01T19:17:45.175236+00:00,0.14,0.28,0.06,0.2
2022-06-01T19:18:44.025240+00:00,0.14,0.26,0.06,0.21
2022-06-01T19:19:44.709139+00:00,0.16,0.26,0.04,0.22
2022-06-01T19:20:43.683327+00:00,0.15,0.3,0.05,0.23
2022-06-01T19:21:44.370264+00:00,0.14,0.29,0.05,0.2
2022-06-01T19:22:44.892115+00:00,0.13,0.28,0.06,0.21
2022-06-01T19:23:43.798383+00:00,0.15,0.26,0.06,0.2
2022-06-01T19:24:44.349317+00:00,0.15,0.29,0.03,0.21
2022-06-01T19:25:44.937020+00:00,0.15,0.26,0.06,0.2
2022-06-01T19:26:43.999438+00:00,0.15,0.25,0.06,0.2
2022-06-01T19:27:44.758845+00:00,0.16,0.31,0.04,0.19
2022-06-01T19:28:43.673550+00:00,0.15,0.27,0.06,0.2
2022-06-01T19:29:44.229615+00:00,0.19,0.28,0.03,0.21
2022-06-01T19:30:44.753487+00:00,0.14,0.27,0.08,0.2
2022-06-01T19:31:43.990743+00:00,0.15,0.29,0.07,0.2
2022-06-01T19:32:44.525665+00:00,0.14,0.33,0.03,0.21
2022-06-01T19:33:45.051716+00:00,0.14,0.26,0.06,0.2
2022-06-01T19:34:44.048711+00:00,0.16,0.27,0.04,0.21
2022-06-01T19:35:44.816482+00:00,0.14,0.31,0.06,0.2
2022-06-01T19:36:43.696606+00:00,0.16,0.27,0.07,0.21
2022-06-01T19:37:44.217692+00:00,0.16,0.27,0.05,0.2
2022-06-01T19:38:44.871705+00:00,0.15,0.28,0.07,0.2
2022-06-01T19:39:43.840100+00:00,0.16,0.35,0.07,0.2
2022-06-01T19:40:44.508868+00:00,0.16,0.32,0.06,0.2
2022-06-01T19:41:45.021856+00:00,0.21,0.33,0.04,0.2
2022-06-01T19:42:44.062039+00:00,0.16,0.28,0.06,0.22
2022-06-01T19:43:44.586764+00:00,0.18,0.33,0.06,0.22
2022-06-01T19:44:45.172831+00:00,0.15,0.33,0.05,0.2
2022-06-01T19:45:44.176179+00:00,0.15,0.31,0.07,0.21
2022-06-01T19:46:44.924246+00:00,0.16,0.29,0.06,0.21
2022-06-01T19:47:43.805877+00:00,0.14,0.31,0.04,0.21
2022-06-01T19:48:44.296824+00:00,0.16,0.4,0.05,0.21
2022-06-01T19:49:44.827910+00:00,0.16,0.26,0.06,0.22
2022-06-01T19:50:43.688396+00:00,0.17,0.29,0.04,0.21
2022-06-01T19:51:44.212814+00:00,0.16,0.3,0.05,0.2
2022-06-01T19:52:44.755212+00:00,0.19,0.31,0.05,0.21
2022-06-01T19:53:43.665248+00:00,0.16,0.26,0.03,0.2
2022-06-01T19:54:44.203783+00:00,0.17,0.34,0.07,0.21
2022-06-01T19:55:44.738146+00:00,0.15,0.29,0.03,0.22
2022-06-01T19:56:43.690265+00:00,0.18,0.27,0.06,0.2
2022-06-01T19:57:44.264718+00:00,0.18,0.25,0.07,0.21
2022-06-01T19:58:44.814219+00:00,0.18,0.29,0.05,0.21
2022-06-01T19:59:43.807112+00:00,0.16,0.29,0.06,0.2
2022-06-01T20:00:44.426681+00:00,0.16,0.29,0.05,0.21
2022-06-01T20:01:44.925699+00:00,0.16,0.3,0.02,0.21
2022-06-01T20:02:43.920592+00:00,0.15,0.3,0.06,0.21
2022-06-01T20:03:44.362530+00:00,0.16,0.28,0.07,0.2
2022-06-01T20:04:44.931143+00:00,0.17,0.28,0.07,0.2
2022-06-01T20:05:43.916298+00:00,0.17,0.27,0.05,0.21
2022-06-01T20:06:44.437954+00:00,0.16,0.26,0.04,0.21
2022-06-01T20:07:45.002129+00:00,0.18,0.26,0.05,0.21
2022-06-01T20:08:43.994487+00:00,0.16,0.32,0.04,0.22
2022-06-01T20:09:44.551364+00:00,0.17,0.28,0.06,0.22
2022-06-01T20:10:45.099029+00:00,0.18,0.28,0.05,0.21
2022-06-01T20:11:44.048502+00:00,0.17,0.27,0.06,0.2
2022-06-01T20:12:44.583476+00:00,0.16,0.31,0.05,0.2
2022-06-01T20:13:45.226223+00:00,0.19,0.27,0.05,0.21
2022-06-01T20:14:44.126432+00:00,0.16,0.27,0.05,0.2
2022-06-01T20:15:44.682884+00:00,0.18,0.28,0.05,0.2
2022-06-01T20:16:45.219638+00:00,0.16,0.26,0.03,0.2
2022-06-01T20:17:44.362532+00:00,0.18,0.31,0.09,0.21
2022-06-01T20:18:44.820608+00:00,0.15,0.28,0.06,0.21
2022-06-01T20:19:44.028610+00:00,0.17,0.3,0.03,0.2
2022-06-01T20:20:44.577224+00:00,0.17,0.25,0.03,0.21
2022-06-01T20:21:45.045903+00:00,0.15,0.3,0.09,0.21
2022-06-01T20:22:43.903165+00:00,0.17,0.27,0.04,0.21
2022-06-01T20:23:44.514331+00:00,0.16,0.27,0.05,0.21
2022-06-01T20:24:45.124845+00:00,0.16,0.33,0.03,0.2
2022-06-01T20:25:44.006139+00:00,0.16,0.31,0.03,0.22
2022-06-01T20:26:44.558437+00:00,0.18,0.29,0.05,0.2
2022-06-01T20:27:45.177946+00:00,0.18,0.28,0.06,0.21
2022-06-01T20:28:44.047353+00:00,0.2,0.3,0.05,0.2
2022-06-01T20:29:44.673814+00:00,0.16,0.29,0.08,0.2
2022-06-01T20:30:45.169009+00:00,0.17,0.28,0.08,0.21
2022-06-01T20:31:44.097167+00:00,0.19,0.28,0.08,0.21
2022-06-01T20:32:44.609922+00:00,0.17,0.3,0.05,0.21
2022-06-01T20:33:45.206538+00:00,0.2,0.26,0.05,0.2
2022-06-01T20:34:44.314904+00:00,0.17,0.28,0.05,0.2
2022-06-01T20:35:44.850895+00:00,0.15,0.33,0.04,0.21
2022-06-01T20:36:43.803873+00:00,0.18,0.27,0.06,0.2
2022-06-01T20:37:44.311126+00:00,0.16,0.27,0.05,0.21
2022-06-01T20:38:44.881981+00:00,0.17,0.3,0.05,0.21
2022-06-01T20:39:43.825576+00:00,0.2,0.32,0.05,0.21
2022-06-01T20:40:44.370955+00:00,0.19,0.32,0.06,0.21
2022-06-01T20:41:45.041805+00:00,0.18,0.29,0.08,0.21
2022-06-01T20:42:44.057513+00:00,0.21,0.28,0.07,0.21
2022-06-01T20:43:44.602105+00:00,0.17,0.3,0.07,0.2
2022-06-01T20:44:45.100372+00:00,0.16,0.29,0.07,0.2
2022-06-01T20:45:44.037766+00:00,0.21,0.26,0.07,0.22
2022-06-01T20:46:44.561960+00:00,0.16,0.29,0.06,0.21
2022-06-01T20:47:45.051498+00:00,0.23,0.3,0.05,0.21
2022-06-01T20:48:43.974110+00:00,0.18,0.28,0.06,0.2
2022-06-01T20:49:44.573042+00:00,0.19,0.31,0.03,0.21
2022-06-01T20:50:43.642564+00:00,0.18,0.29,0.06,0.2
2022-06-01T20:51:44.163558+00:00,0.21,0.3,0.05,0.22
2022-06-01T20:52:44.595834+00:00,0.19,0.3,0.09,0.21
2022-06-01T20:53:44.161241+00:00,0.19,0.27,0.1,0.21
2022-06-01T20:54:44.756214+00:00,0.19,0.32,0.05,0.21
2022-06-01T20:55:43.620946+00:00,0.21,0.31,0.08,0.22
2022-06-01T20:56:44.082754+00:00,0.19,0.29,0.03,0.21
2022-06-01T20:57:44.617916+00:00,0.19,0.29,0.04,0.23
2022-06-01T20:58:45.216237+00:00,0.19,0.36,0.05,0.22
2022-06-01T20:59:44.117855+00:00,0.18,0.24,0.04,0.21
2022-06-01T21:00:44.597187+00:00,0.22,0.31,0.08,0.21
2022-06-01T21:01:45.113048+00:00,0.22,0.3,0.06,0.21
2022-06-01T21:02:44.150909+00:00,0.2,0.3,0.07,0.21
2022-06-01T21:03:44.761368+00:00,0.17,0.31,0.06,0.22
2022-06-01T21:04:43.689990+00:00,0.2,0.31,0.06,0.21
2022-06-01T21:05:44.250652+00:00,0.21,0.3,0.07,0.2
2022-06-01T21:06:44.817468+00:00,0.2,0.3,0.05,0.21
2022-06-01T21:07:43.817069+00:00,0.17,0.32,0.06,0.22
2022-06-01T21:08:44.383226+00:00,0.18,0.29,0.07,0.21
2022-06-01T21:09:44.880050+00:00,0.2,0.32,0.08,0.21
2022-06-01T21:10:43.727972+00:00,0.19,0.31,0.06,0.2
2022-06-01T21:11:44.204181+00:00,0.22,0.33,0.06,0.21
2022-06-01T21:12:44.710831+00:00,0.17,0.3,0.04,0.22
2022-06-01T21:13:43.692331+00:00,0.25,0.31,0.06,0.22
2022-06-01T21:14:44.205159+00:00,0.2,0.33,0.07,0.21
2022-06-01T21:15:44.753362+00:00,0.2,0.3,0.05,0.21
2022-06-01T21:16:43.725516+00:00,0.19,0.29,0.06,0.21
2022-06-01T21:17:44.328861+00:00,0.21,0.32,0.08,0.21
2022-06-01T21:18:44.819549+00:00,0.19,0.3,0.05,0.2
2022-06-01T21:19:43.783445+00:00,0.2,0.32,0.06,0.22
2022-06-01T21:20:44.280394+00:00,0.24,0.31,0.04,0.22
2022-06-01T21:21:44.745363+00:00,0.21,0.33,0.03,0.22
2022-06-01T21:22:43.669913+00:00,0.2,0.32,0.04,0.22
2022-06-01T21:23:44.183568+00:00,0.21,0.31,0.06,0.22
2022-06-01T21:24:44.749871+00:00,0.2,0.31,0.04,0.22
2022-06-01T21:25:43.724214+00:00,0.2,0.31,0.04,0.21
2022-06-01T21:26:44.309143+00:00,0.19,0.3,0.11,0.21
2022-06-01T21:27:44.959183+00:00,0.18,0.25,0.05,0.22
2022-06-01T21:28:45.152215+00:00,0.21,0.29,0.06,0.22
2022-06-01T21:29:44.204393+00:00,0.16,0.31,0.07,0.21
2022-06-01T21:30:44.701724+00:00,0.17,0.31,0.06,0.21
2022-06-01T21:31:45.182233+00:00,0.17,0.32,0.06,0.21
2022-06-01T21:32:44.115903+00:00,0.16,0.29,0.05,0.21
2022-06-01T21:33:44.716407+00:00,0.19,0.31,0.06,0.22
2022-06-01T21:34:43.649780+00:00,0.21,0.26,0.04,0.21
2022-06-01T21:35:44.311973+00:00,0.19,0.29,0.06,0.21
2022-06-01T21:36:44.907709+00:00,0.21,0.33,0.06,0.21
2022-06-01T21:37:43.870801+00:00,0.22,0.31,0.07,0.22
2022-06-01T21:38:44.386274+00:00,0.2,0.31,0.02,0.21
2022-06-01T21:39:45.083179+00:00,0.17,0.31,0.01,0.21
2022-06-01T21:40:44.009215+00:00,0.17,0.31,0.09,0.22
2022-06-01T21:41:44.579226+00:00,0.19,0.32,0.04,0.21
2022-06-01T21:42:45.078815+00:00,0.19,0.28,0.04,0.21
2022-06-01T21:43:44.009794+00:00,0.16,0.33,0.06,0.21
2022-06-01T21:44:44.640144+00:00,0.19,0.33,0.09,0.21
2022-06-01T21:45:45.178357+00:00,0.18,0.31,0.06,0.21
2022-06-01T21:46:43.695514+00:00,0.16,0.4,0.08,0.21
2022-06-01T21:47:44.182254+00:00,0.16,0.32,0.06,0.2
2022-06-01T21:48:44.613767+00:00,0.16,0.32,0.08,0.2
2022-06-01T21:49:45.182172+00:00,0.2,0.31,0.05,0.21
2022-06-01T21:50:44.136997+00:00,0.18,0.32,0.08,0.21
2022-06-01T21:51:44.709796+00:00,0.23,0.3,0.09,0.21
2022-06-01T21:52:45.222093+00:00,0.21,0.32,0.04,0.21
2022-06-01T21:53:44.418955+00:00,0.23,0.34,0.07,0.22
2022-06-01T21:54:45.059207+00:00,0.23,0.31,0.05,0.22
2022-06-01T21:55:43.920373+00:00,0.18,0.32,0.06,0.22
2022-06-01T21:56:44.424567+00:00,0.2,0.29,0.07,0.23
2022-06-01T21:57:44.981082+00:00,0.2,0.31,0.05,0.22
2022-06-01T21:58:43.990828+00:00,0.18,0.37,0.07,0.21
2022-06-01T21:59:44.523954+00:00,0.17,0.3,0.05,0.22
2022-06-01T22:00:44.966262+00:00,0.25,0.34,0.06,0.23
2022-06-01T22:01:44.214705+00:00,0.22,0.29,0.05,0.22
2022-06-01T22:02:44.693754+00:00,0.2,0.32,0.03,0.22
2022-06-01T22:03:45.163259+00:00,0.21,0.34,0.05,0.22
2022-06-01T22:04:44.085470+00:00,0.25,0.34,0.08,0.23
2022-06-01T22:05:44.617613+00:00,0.19,0.32,0.07,0.22
2022-06-01T22:06:45.088836+00:00,0.22,0.29,0.06,0.21
2022-06-01T22:07:43.987357+00:00,0.2,0.28,0.07,0.22
2022-06-01T22:08:44.482130+00:00,0.21,0.33,0.06,0.22
2022-06-01T22:09:44.972179+00:00,0.2,0.34,0.04,0.22
2022-06-01T22:10:43.856643+00:00,0.3,0.33,0.05,0.24
2022-06-01T22:11:44.345745+00:00,0.22,0.29,0.06,0.22
2022-06-01T22:12:44.860691+00:00,0.21,0.36,0.07,0.22
2022-06-01T22:13:43.735719+00:00,0.2,0.28,0.07,0.22
2022-06-01T22:14:44.271889+00:00,0.19,0.3,0.04,0.22
2022-06-01T22:15:44.820938+00:00,0.17,0.32,0.07,0.22
2022-06-01T22:16:43.733827+00:00,0.17,0.32,0.06,0.21
2022-06-01T22:17:44.305763+00:00,0.22,0.37,0.08,0.22
2022-06-01T22:18:44.782109+00:00,0.18,0.29,0.09,0.22
2022-06-01T22:19:43.760408+00:00,0.17,0.32,0.02,0.22
2022-06-01T22:20:44.281660+00:00,0.17,0.3,0.04,0.21
2022-06-01T22:21:44.803266+00:00,0.19,0.31,0.04,0.21
2022-06-01T22:22:43.775320+00:00,0.17,0.28,0.04,0.21
2022-06-01T22:23:44.312055+00:00,0.19,0.31,0.04,0.21
2022-06-01T22:24:44.867393+00:00,0.24,0.26,0.03,0.22
2022-06-01T22:25:43.820135+00:00,0.21,0.31,0.06,0.21
2022-06-01T22:26:44.490568+00:00,0.22,0.34,0.03,0.22
2022-06-01T22:27:45.008257+00:00,0.2,0.32,0.07,0.21
2022-06-01T22:28:43.913567+00:00,0.19,0.3,0.09,0.21
2022-06-01T22:29:44.496766+00:00,0.17,0.31,0.05,0.21
2022-06-01T22:30:45.030124+00:00,0.19,0.33,0.07,0.22
2022-06-01T22:31:44.050523+00:00,0.21,0.3,0.06,0.21
2022-06-01T22:32:44.650301+00:00,0.2,0.31,0.03,0.2
2022-06-01T22:33:45.137422+00:00,0.19,0.27,0.08,0.21
2022-06-01T22:34:44.122562+00:00,0.22,0.29,0.03,0.2
2022-06-01T22:35:44.098812+00:00,0.22,0.3,0.09,0.21
2022-06-01T22:36:44.721306+00:00,0.21,0.3,0.06,0.21
2022-06-01T22:37:43.691797+00:00,0.2,0.34,0.02,0.2
2022-06-01T22:38:44.287818+00:00,0.23,0.31,0.07,0.21
2022-06-01T22:39:44.739857+00:00,0.18,0.29,0.07,0.23
2022-06-01T22:40:43.873737+00:00,0.2,0.32,0.06,0.21
2022-06-01T22:41:44.368222+00:00,0.22,0.28,0.08,0.21
2022-06-01T22:42:44.942977+00:00,0.19,0.28,0.06,0.21
2022-06-01T22:43:43.757298+00:00,0.2,0.32,0.04,0.21
2022-06-01T22:44:44.293081+00:00,0.22,0.26,0.07,0.21
2022-06-01T22:45:44.920833+00:00,0.19,0.31,0.05,0.21
2022-06-01T22:46:43.886899+00:00,0.18,0.31,0.06,0.21
2022-06-01T22:47:44.386009+00:00,0.17,0.27,0.08,0.21
2022-06-01T22:48:44.993940+00:00,0.21,0.27,0.04,0.21
2022-06-01T22:49:43.931752+00:00,0.2,0.29,0.05,0.22
2022-06-01T22:50:44.374370+00:00,0.18,0.26,0.07,0.21
2022-06-01T22:51:44.837679+00:00,0.22,0.26,0.04,0.2
2022-06-01T22:52:44.000081+00:00,0.18,0.3,0.08,0.21
2022-06-01T22:53:44.562685+00:00,0.22,0.27,0.05,0.22
2022-06-01T22:54:45.067158+00:00,0.19,0.3,0.06,0.21
2022-06-01T22:55:44.080275+00:00,0.19,0.31,0.06,0.21
2022-06-01T22:56:44.716757+00:00,0.2,0.28,0.05,0.21
2022-06-01T22:57:45.176970+00:00,0.19,0.28,0.06,0.2
2022-06-01T22:58:44.372329+00:00,0.19,0.29,0.05,0.22
2022-06-01T22:59:44.888366+00:00,0.19,0.27,0.06,0.21
2022-06-01T23:00:43.833369+00:00,0.17,0.29,0.07,0.21
2022-06-01T23:01:44.377375+00:00,0.23,0.31,0.04,0.23
2022-06-01T23:02:45.039096+00:00,0.18,0.31,0.08,0.22
2022-06-01T23:03:43.933509+00:00,0.19,0.32,0.01,0.21
2022-06-01T23:04:44.735291+00:00,0.17,0.31,0.06,0.21
2022-06-01T23:05:45.185824+00:00,0.17,0.31,0.03,0.22
2022-06-01T23:06:44.067862+00:00,0.27,0.29,0.07,0.22
2022-06-01T23:07:44.578079+00:00,0.19,0.32,0.05,0.21
2022-06-01T23:08:45.084314+00:00,0.22,0.3,0.01,0.21
2022-06-01T23:09:44.057224+00:00,0.19,0.3,0.06,0.22
2022-06-01T23:10:44.589351+00:00,0.19,0.32,0.05,0.2
2022-06-01T23:11:44.832016+00:00,0.23,0.28,0.06,0.22
2022-06-01T23:12:43.792578+00:00,0.21,0.3,0.06,0.22
2022-06-01T23:13:44.383496+00:00,0.21,0.34,0.07,0.21
2022-06-01T23:14:44.962371+00:00,0.18,0.31,0.04,0.21
2022-06-01T23:15:43.665255+00:00,0.19,0.27,0.04,0.21
2022-06-01T23:16:44.278659+00:00,0.19,0.31,0.07,0.21
2022-06-01T23:17:44.752115+00:00,0.19,0.31,0.05,0.21
2022-06-01T23:18:43.669025+00:00,0.2,0.26,0.04,0.21
2022-06-01T23:19:44.244467+00:00,0.2,0.3,0.05,0.22
2022-06-01T23:20:44.750837+00:00,0.19,0.32,0.05,0.21
2022-06-01T23:21:43.692470+00:00,0.19,0.32,0.04,0.2
2022-06-01T23:22:44.287968+00:00,0.2,0.31,0.03,0.21
2022-06-01T23:23:44.793888+00:00,0.2,0.3,0.04,0.21
2022-06-01T23:24:43.876654+00:00,0.18,0.32,0.08,0.21
2022-06-01T23:25:44.561204+00:00,0.23,0.33,0.08,0.21
2022-06-01T23:26:45.181140+00:00,0.21,0.29,0.06,0.22
2022-06-01T23:27:44.084221+00:00,0.19,0.31,0.07,0.22
2022-06-01T23:28:44.547426+00:00,0.21,0.27,0.06,0.22
2022-06-01T23:29:45.203434+00:00,0.19,0.31,0.07,0.21
2022-06-01T23:30:44.115102+00:00,0.18,0.31,0.04,0.21
2022-06-01T23:31:44.588681+00:00,0.19,0.29,0.07,0.22
2022-06-01T23:32:45.084798+00:00,0.2,0.29,0.04,0.21
2022-06-01T23:33:44.113169+00:00,0.21,0.33,0.05,0.21
2022-06-01T23:34:44.623033+00:00,0.26,0.3,0.08,0.22
2022-06-01T23:35:43.655193+00:00,0.22,0.32,0.03,0.21
2022-06-01T23:36:44.211193+00:00,0.21,0.33,0.04,0.22
2022-06-01T23:37:44.721114+00:00,0.18,0.29,0.03,0.21
2022-06-01T23:38:43.679736+00:00,0.18,0.34,0.05,0.22
2022-06-01T23:39:44.185480+00:00,0.18,0.28,0.05,0.21
2022-06-01T23:40:44.702643+00:00,0.2,0.32,0.05,0.21
2022-06-01T23:41:43.758429+00:00,0.2,0.31,0.09,0.21
2022-06-01T23:42:44.284437+00:00,0.21,0.32,0.06,0.21
2022-06-01T23:43:45.047511+00:00,0.22,0.32,0.08,0.22
2022-06-01T23:44:44.061704+00:00,0.18,0.29,0.05,0.21
2022-06-01T23:45:44.529848+00:00,0.2,0.31,0.1,0.22
2022-06-01T23:46:45.110988+00:00,0.18,0.31,0.07,0.22
2022-06-01T23:47:44.011576+00:00,0.19,0.34,0.1,0.22
2022-06-01T23:48:44.511399+00:00,0.26,0.32,0.03,0.22
2022-06-01T23:49:45.070279+00:00,0.19,0.32,0.06,0.22
2022-06-01T23:50:44.032004+00:00,0.19,0.27,0.04,0.22
2022-06-01T23:51:44.540902+00:00,0.18,0.31,0.1,0.22
2022-06-01T23:52:45.031405+00:00,0.18,0.33,0.06,0.21
2022-06-01T23:53:44.149024+00:00,0.21,0.34,0.07,0.22
2022-06-01T23:54:44.840307+00:00,0.17,0.33,0.06,0.21
2022-06-01T23:55:43.738186+00:00,0.21,0.32,0.04,0.22
2022-06-01T23:56:44.289880+00:00,0.2,0.32,0.06,0.22
2022-06-01T23:57:44.832020+00:00,0.19,0.37,0.05,0.22
2022-06-01T23:58:43.839805+00:00,0.23,0.24,0.05,0.22
2022-06-01T23:59:44.377322+00:00,0.2,0.35,0.07,0.22
